school,product,분류
창원과학고등학교,생성형 AI 도구(제품명 미공개),교육 프로그램·연수
충북반도체고등학교,반도체 후공정 실습장비(EUV 노광 등),로봇·교구·키트
세명컴퓨터고등학교,"정보보호 특성화 교육(사이버가디언즈, 리버싱·포렌식·해킹 특강)",로봇·교구·키트
한봄고등학교,생성형 AI·콘텐츠 제작 AI·데이터 분석 AI,교육 프로그램·연수
경기게임마이스터고등학교,AI 게임개발 실무교육(에이엔게임즈 등 산학),교육 프로그램·연수
수원농생명과학고등학교,스마트팜 온실,기기(PC·태블릿·전자칠판 등)
서울시교육청 관내 직업계고,AI융합 진로직업교육원(신기술 교육장),로봇·교구·키트
전북 관내 초·중·고(특성화고 포함),네이버 웨일 스페이스,제품:네이버 웨일 스페이스
전국 특성화고·마이스터고,하이파이브(HiFive) 포털,제품:하이파이브
전국 200개교(중·고 중심),튜링 수학대왕 CLASS,제품:튜링 수학대왕 CLASS
대구일과학고등학교,"DG1S 통합 웹사이트(자체 개발, 일곽위키 포함)",제품:DG1S
전북과학고등학교,JHC 원어민 화상영어(talking class),제품:Talking Class
전북과학고등학교,보테미(botemi) 스마트러닝,제품:보테미
전남 관내 초·중·고(과학고·직업계고 포함),전남메타스쿨 학생 평가 솔루션,교육 프로그램·연수
울산과학고등학교,북레일(bookrail) 전자책 도서관,제품:북레일
울산과학고등학교,지능형 과학실,잡음
충북과학고등학교,Google Colab(구글 코랩),제품:Google Colab
동일미래과학고등학교,레고 스파이크 프라임(거리센서 등),제품:레고 스파이크 프라임
한국해양마이스터고등학교,캡컷(CapCut) AI 프로,제품:CapCut
충남과학고등학교,레고 스파이크 프라임 AI PRO,제품:레고 스파이크 프라임
대구일과학고등학교,교육 맞춤 AI GPT 서비스(상하정보기술),교육 프로그램·연수
인천해양과학고등학교,생기부AI 하마룸(티처라인),제품:하마룸
인천바이오과학고등학교,"생기부AI 하마룸(티처라인, 1년)",제품:하마룸
수원농생명과학고등학교,Google AI Pro,SW·플랫폼(제품명 미상)
전주생명과학고등학교,Gamma Pro(감마 프로),제품:Gamma Pro
경기영상과학고등학교,CapCut Pro AI(12개월),제품:CapCut
공주정보고등학교,AI 활용 교과서 개발 연수(관광),교육 프로그램·연수
전남기술과학고등학교,SolidCAM(도제),제품:SolidCAM
충북과학고등학교,Yennefer Labs(AI솔루션),제품:Yennefer Labs
부산항공고등학교,CATIA V5(기계전공동아리),제품:CATIA
공주마이스터고등학교,OrCAD(전기전자부),제품:OrCAD
동명공업고등학교,G-CNC(스마트기계과),제품:G-CNC
여수해양과학고등학교,AI교실 물품(전자),SW·플랫폼(제품명 미상)
공주생명과학고등학교,굴삭기 운전훈련 시뮬레이터 외(AI실),로봇·교구·키트
대구반도체마이스터고등학교,뉴로우-S·AI역량검사(연구학교 연계),제품:뉴로우
창원기계공업고등학교,Perplexity Pro,제품:EdgeCAM
순천공업고등학교,워드월(Wordwall),제품:Wordwall
경상공업고등학교,왓퀴즈 PRO,제품:왓퀴즈
군산기계공업고등학교,"Meshy AI(3D 생성), 젠스파크(Genspark)",제품:Meshy AI
충북공업고등학교,왓퀴즈 PRO,제품:왓퀴즈
울산공업고등학교,워드월(Wordwall),제품:Wordwall
목포공업고등학교,워드월(Wordwall),제품:Wordwall
충남기계공업고등학교,글로벌 현장학습 독일어 에듀테크(DEN),교육 프로그램·연수
구미정보고등학교,타입캐스트(Typecast),제품:Typecast
한성과학고등학교,"Gamma Pro(감마프로, AI 프레젠테이션)",제품:Gamma Pro
대전과학고등학교,"Wolfram Alpha(울프람알파, 학습데이터 프로젝트)",제품:Wolfram Alpha
청주IT과학고등학교,"Manus AI(에이전트), Meshy AI(3D 모델 생성)",제품:Meshy AI
경기영상과학고등학교,"Kling AI(비디오 생성), CapCut Pro(2건째)",제품:CapCut
수원농생명과학고등학교,CapCut Pro(캡컷),제품:CapCut
한국해양마이스터고등학교,"북크리에이터(Book Creator), CapCut",제품:CapCut
울산생활과학고등학교,카훗 플러스 실버(Kahoot! Plus Silver),제품:Kahoot!
부산소프트웨어마이스터고등학교,마이다스인 AI역량검사,제품:마이다스인
양평전자과학고등학교,카훗(Kahoot!) 브론즈,제품:Kahoot!
대구과학고등학교,AI 융합수업자료 개발용 AI 서비스,SW·플랫폼(제품명 미상)
충남과학고등학교,Mathematica 14(Wolfram),제품:Mathematica
인천과학고·인천진산과학고·인천과학예술영재학교(인천 3교 심층),"Mathematica, MATLAB",제품:Mathematica
인천과학예술영재학교,"Midjourney(미드저니), MonoGPT(모노플로우)",제품:Midjourney
창원기계공업고등학교,EdgeCAM,제품:EdgeCAM
인천기계공업고등학교,GV-CNC(CNC 시뮬레이터),제품:GV-CNC
서울매그넷고등학교,Net-Class(임대),SW·플랫폼(제품명 미상)
미림마이스터고등학교,AI·디지털 활용 선도학교(체육수업),SW·플랫폼(제품명 미상)
금성고등학교,금성고등학교 AI(인공지능) 교실 물품 구매,SW·플랫폼(제품명 미상)
청림초등학교,2022학년 청림초 방과후학교 4분기 교재구매계약(코딩),SW·플랫폼(제품명 미상)
벽진초등학교,인공지능 스마트 로보트 구입,기기(PC·태블릿·전자칠판 등)
성호고등학교,성호고 에듀테크 방송실 및 스튜디어 전자장비 구입,SW·플랫폼(제품명 미상)
문시중학교,2022 에듀테크 기반 미래학교 운용 물품구입(바구니외5종) 계약,SW·플랫폼(제품명 미상)
광운인공지능고등학교,광운인공지능고등학교 군특과정 물품 마이크로웨이브통신실습장비 구입,로봇·교구·키트
청림초등학교,2022학년 청림초 방과후학교 4분기 교재구매계약(코딩),SW·플랫폼(제품명 미상)
오마초등학교,오마초 AI창의융합실 전동 천정 콘센트 설치건,SW·플랫폼(제품명 미상)
효양고등학교,"교무실 사무용품 및 원격수업, 에듀테크 활용 수업 물품 구입",잡음
효양고등학교,"교무실 사무용품 및 원격수업, 에듀테크 활용 수업 물품 구입",잡음
금신초등학교,2023학년도 신발털이기(AIRMAX-1410),잡음
금신초등학교,2022학년도 신발털이기 구입(AIRMAX-1410),잡음
동대문중학교,동대문중학교 AI교실 안전방충망 구입설치,SW·플랫폼(제품명 미상)
공주생명과학고등학교,공주생명과학고 AI실 교육훈련장비(굴삭기운전훈련 시뮬레이터외2종) 소액수의견적공고,로봇·교구·키트
금암초등학교,"금암초 메이커스페이스, AI준비실  자체제작 물품 구입",SW·플랫폼(제품명 미상)
우석여자고등학교,학생자치공간 및 AI채움교실 물품 구입 건,SW·플랫폼(제품명 미상)
서울안평초등학교,서울안평초 인공지능 스마트 IoT 에어샤워(스마트게이트) 물품구입 계약,기기(PC·태블릿·전자칠판 등)
서울안평초등학교,서울안평초 인공지능 스마트 IoT 에어샤워(스마트게이트) 물품구입,기기(PC·태블릿·전자칠판 등)
한신초등학교,한신초등학교 AI교실 수업 물품 구입,SW·플랫폼(제품명 미상)
서신초등학교,교실 사물함 및 AI실 보관장 구입계약 체결,SW·플랫폼(제품명 미상)
동학초등학교,2023학년도 동학초등학교 병설유치원 놀이자료(코딩) 구매 계약,SW·플랫폼(제품명 미상)
광운인공지능고등학교,광운인공지능고등학교 워크스테이션 구입,기기(PC·태블릿·전자칠판 등)
부천공업고등학교,2023년 부천공업고등학교 인공지능자동차과 실습 재료 구입,기기(PC·태블릿·전자칠판 등)
안양여자중학교,2023학년도 스마트팜 코딩교육 강사비 및 재료비 지급 건,기기(PC·태블릿·전자칠판 등)
광운인공지능고등학교,광운인공지능고등학교 그린스마트 미래학교 사전기획 용역계약,기기(PC·태블릿·전자칠판 등)
경민비즈니스고등학교,2022년 AI기반 직무역량 강화를 위한 교직원 협의회 버스 임대,잡음
손불초등학교,2022. AI맞춤형 학습콘텐츠 이용 계약,교육 프로그램·연수
신평중학교,신평중학교 AI 교육활성화 지원 사업에 따른 AI 소양 교육,교육 프로그램·연수
좌산초등학교,"2023학년도 방과후학교(3D펜톡, AI 웹툰) 위탁업체 운영 계약",3D 프린팅/CAD
세마고등학교,에듀테크활용 수업을 위한 과학과 창의학습자료 제작,교육 프로그램·연수
엄다초등학교,엄다초등학교 AI학습 온라인 신청 계약,교육 프로그램·연수
엄다초등학교,엄다초등학교 AI온라인 학습 신청 계약,교육 프로그램·연수
강서고등학교,2023년 2학년 1학기 특색수업 (아두이노 코딩) 교육 용역,로봇·교구·키트
남평중학교,남평중학교 인공지능(AI)기반 키오스크 콘텐츠 제작,교육 프로그램·연수
서울양원초등학교,2023학년도 에듀테크센터 전산요원 용역 계약,교육 프로그램·연수
인천과학예술영재학교,인천과학예술영재학교 인공지능과 미래사회 외 3종 교재 제작 용역 계약,교육 프로그램·연수
목포혜인여자고등학교,에듀테크 학생 프로젝트 드림 멘토링 탐구 수업 운영 위탁 용역 계약,교육 프로그램·연수
휘봉고등학교,2023학년도 에듀테크매니저 도급용역 계약,교육 프로그램·연수
한신초등학교,한신초등학교 AI교육 관련 용역(강사) 계약,교육 프로그램·연수
삼일공업고등학교,2023년도 수원형 도제교육 코딩 강의 위탁 용역 계약,교육 프로그램·연수
계산고등학교,"2023학년도 계산고 사무기기(본교무실1대, AI융합부 및 학생자치부1대, 1~3학년교무실3대) 임대 용역",교육 프로그램·연수
현대중학교,2023학년도 2학년 자율활동 인공지능 코딩수업 용역 계약,교육 프로그램·연수
김포중학교,2023학년도 김포미래교육협력지구 교육과정특성화 지원 코딩기초 운영 계약,교육 프로그램·연수
세경고등학교,"직업계고 학과 재구조화(개편) 인공지능반도체과, 미래자동차과 건축공사 기술지도 용역",기기(PC·태블릿·전자칠판 등)
세경고등학교,직업계고 학과 재구조화(개편) 인공지능반도체과 건축공사 기술지도 용역,인프라(교실·설비)
언주중학교,2023학년도 1학년 자유학기 주제선택 코딩 교육 위탁계약,교육 프로그램·연수
서울위례별초등학교,2023학년도 서울위례별초등학교 AI 메이커 교육 용역,교육 프로그램·연수
화순오성초등학교,2023. AI온라인 콘텐츠 공급 및 기기임대 계약,교육 프로그램·연수
우도중학교,2023학년도 우도초등학교 인공지능(AI)활용 스마트학습 용역,기기(PC·태블릿·전자칠판 등)
팔금초등학교,2023년 AI맞춤형 온라인 학습콘텐츠 용역계약,교육 프로그램·연수
서울양남초등학교,2023년 양남초 4차산업혁명 대비 마을연계형 AI교육운영 용역 계약,교육 프로그램·연수
신흥초등학교,2023학년도 코딩 수업 계약,교육 프로그램·연수
화순도암중학교,2023. AI 온라인 콘텐츠 학습 운영,교육 프로그램·연수
봉래초등학교,봉래초등학교 AI 맞춤형 온아인 학습콘텐츠 이용 계약,교육 프로그램·연수
목포부주초등학교,목포부주초등학교 AI맞춤형 온라인 학습콘텐츠 용역,교육 프로그램·연수
손불서초등학교,2023. AI 맞춤형 온라인 학습 콘텐츠 이용,교육 프로그램·연수
군포신기초등학교,2023학년도 군포신긴초등학교 1학기 코딩교육,교육 프로그램·연수
왕곡초등학교,왕곡초등학교 AI맞춤형 온라인 학습콘텐츠 용역 계약,교육 프로그램·연수
여수남산초등학교,2023. AI맞춤형 온라인 학습콘텐츠 운영 용역계약,교육 프로그램·연수
용면초등학교,2023. AI맞춤형 온라인 학습콘텐츠 이용,교육 프로그램·연수
명덕초등학교,2023. AI 맞춤형 온라인 학습 컨텐츠,교육 프로그램·연수
여남초등학교,AI맞춤형 온라인 콘텐츠 이용 계약,교육 프로그램·연수
손불초등학교,"2023, AI맞춤형 온라인 학습콘텐츠 이용 계약",교육 프로그램·연수
우도중학교,2023학년도 우도중학교 인공지능(AI)활용 스마트학습 용역,기기(PC·태블릿·전자칠판 등)
월산초등학교,월산초등학교 2023. AI맞춤형 온라인 학습공동체  학생 수업료 용역 계약 체결,교육 프로그램·연수
서울명덕초등학교,2023학년도 서울명덕초등학교 인공지능(AI) 교육 운영 용역,교육 프로그램·연수
화순동복중학교,AI 온라인 콘텐츠 학습 PT 지원,교육 프로그램·연수
한재초등학교,2023학년도 한재초등학교 AI 맞춤형 온라인 학습콘텐츠 서비스 용역,교육 프로그램·연수
의신초등학교,의신초등학교 2023.AI 맞춤형 온라인 학습콘텐츠 구입,SW·플랫폼(제품명 미상)
보성초등학교,2023. AI맞춤형 온라인 학습콘텐츠 공급 및 기기 임대 계약,교육 프로그램·연수
진월초등학교,2023. 진월초 AI 맞춤형 온라인 학습콘텐츠 지원 계약,교육 프로그램·연수
송광초등학교,AI맞춤형 온라인 학습콘텐츠(홈런 올인원) 계약,교육 프로그램·연수
다도초등학교,다도초 2023. AI맞춤형 온라인 학습콘텐츠 기기 대여 및 구입 계약,SW·플랫폼(제품명 미상)
대불초등학교,대불초등학교 AI맞춤형 온라인 학습콘텐츠 계약,교육 프로그램·연수
안산강서고등학교,2023 안산강서고등학교 인공지능고카트 제작 및 체험활동,교육 프로그램·연수
압해동초등학교,2023. AI맞춤형 온라인 학습 콘텐츠 이용 용역,교육 프로그램·연수
신지동초등학교,2023학년도 AI온라인 학습콘텐츠 용역계약,교육 프로그램·연수
여수봉산초등학교,2023학년도 AI맞춤형 온라인 학습컨텐츠 이용 용역,교육 프로그램·연수
지산초등학교,2023. 지산초 AI맞춤형 온라인 학습콘텐츠 지원 용역 계약,교육 프로그램·연수
구림초등학교,구림초등학교 AI맞춤형 온라인 학습 콘텐츠 공급 및 기기 임대 계약,SW·플랫폼(제품명 미상)
구림초등학교,구림초등학교 AI맞춤형 온라인 학습콘텐츠 공급 및 기기 임대 계약,SW·플랫폼(제품명 미상)
주곡초등학교,"주곡초 3,4학년 AI선도학교 교육활동 물품계약",SW·플랫폼(제품명 미상)
연서초등학교,2023학년도 5학년 진로잡(Job)자 프로젝트 코딩교육 물품 구입 계약,SW·플랫폼(제품명 미상)
추자중학교,2023 인공지능 활용 스마트학습에 따른 온라인 수강권 구입,기기(PC·태블릿·전자칠판 등)
연서초등학교,2023학년도 6학년 코딩교육 물품 구입 계약,SW·플랫폼(제품명 미상)
신곡중학교,메이커코딩 엠봇 2 구매계약,SW·플랫폼(제품명 미상)
흥도초등학교,"2023학년도 방과후학교 1분기(3월분)교재 및 재료비구입계약(생명과학,코딩)",SW·플랫폼(제품명 미상)
미림여자고등학교,2023 미림여자고등학교 인공지능(AI)튜터 구매 계약,SW·플랫폼(제품명 미상)
미림여자고등학교,2023 미림여자고등학교 인공지능 튜터 구매 계,SW·플랫폼(제품명 미상)
세경고등학교,2023학년도 인공지능반도체과 1차 실험실습소모품 구입,로봇·교구·키트
인천여자고등학교,2023학년도 인천여자고등학교 인공지능 고카트 구입 계약,SW·플랫폼(제품명 미상)
광운인공지능고등학교,광운인공지능고 실험실습재료 1차 구입,로봇·교구·키트
충의중학교,충의중 ON코딩 메이커동아리 활동 물품 구입,SW·플랫폼(제품명 미상)
오산고등학교,오산고 코딩교육 물품구매,SW·플랫폼(제품명 미상)
구성초등학교,구성초 방과후학교 1기 재료(코딩 외) 구입,SW·플랫폼(제품명 미상)
동광초등학교,인공지능(AI) 선도학교 교육활동 운영을 위한 스마트패드 구매,기기(PC·태블릿·전자칠판 등)
반월초등학교,23년 반월초 학생맞춤형 인공지능 고카트 물품 구매 계약,SW·플랫폼(제품명 미상)
서울영화초등학교,2023학년도 서울영화초 AI융합교육 교육재료 구입,SW·플랫폼(제품명 미상)
평촌경영고등학교,"평촌경영고등학교 ai융합과,미디어인플루언서과 홍보 물품 구입",SW·플랫폼(제품명 미상)
서울영일초등학교,서울영일초 AI 튜터 학습기 및 학습 콘텐츠 대여,SW·플랫폼(제품명 미상)
지제초등학교,지제초 2023학년도 1분기 방과후학교 코딩 강좌 재료 구입,SW·플랫폼(제품명 미상)
진성고등학교,2023년 진성고등학교 교사동 1학년층 화상강의용 AI카메라 구매,기기(PC·태블릿·전자칠판 등)
세경고등학교,2023학년도 인공지능반도체과 1학기 2차 실험실습 소모품 구입,로봇·교구·키트
부천공업고등학교,2023학년도 부천공업고등학교 인공지능자동차과 실습 재료 구입,기기(PC·태블릿·전자칠판 등)
추자중학교,2023 인공지능 활용 스마트학습에 따른 온라인 수강권 구입,기기(PC·태블릿·전자칠판 등)
정평중학교,인공지능교육 선도학교 텔레비전 구매,SW·플랫폼(제품명 미상)
수현중학교,도서관 2차 장서(코딩 자율학습외377종) 구입 및 마크 등록,SW·플랫폼(제품명 미상)
운중중학교,에듀테크활용 예술교육을위한 악기 구매 계약,잡음
삼현초등학교,2023학년도 삼현초 에듀테크 운영 물품 구입,SW·플랫폼(제품명 미상)
왕배초등학교,2023학년도 제1분기 방과후학교 교재비 및 재료비 계약(피지컬코딩외2),SW·플랫폼(제품명 미상)
봉담고등학교,봉담고 인공지능선도학교 행사 물품 구매 계약,잡음
서울방이초등학교,2023학년도 코딩교육 운영계약 체결,교육 프로그램·연수
구례중앙초등학교,2023. AI맞춤형 온라인 학습콘텐츠 교육 지원 계약,교육 프로그램·연수
여수중앙초등학교,2023. AI 맞춤형 온라인 학습콘텐츠 운영 계약,교육 프로그램·연수
고성초등학교,2023. 고성초등학교 AI맞춤형 온라인 학습 콘텐츠 이용,교육 프로그램·연수
홍농서초등학교,메가스터디 AI온라인 학습콘텐츠 용역 계약,교육 프로그램·연수
동화초등학교,2023. AI 맞춤형 온라인 학습콘텐츠 지원 사업 계약,교육 프로그램·연수
청풍초등학교,2023. AI 맞춤형 온라인 학습콘텐츠 학습권 구입,SW·플랫폼(제품명 미상)
청풍초등학교,2023. AI 온라인 콘텐츠 학습 PT 학습권 구입,SW·플랫폼(제품명 미상)
원촌초등학교,2023학년도 원촌초등학교 AI 맞춤형 온라인 학습컨텐츠 운영 용역 계약,교육 프로그램·연수
고성초등학교,2023. 고성초등학교 AI 맞춤형 온라인 학습 콘텐츠 이용,교육 프로그램·연수
청산초등학교,2023. AI맞춤형 온라인 콘텐츠 지원 학습 콘텐츠 공급 및 기기임대 계약,교육 프로그램·연수
간문초등학교,AI맞춤형 온라인 학습 콘텐츠,교육 프로그램·연수
소라초등학교,소라초 AI맞춤형 온라인 학습 콘텐츠 이용,교육 프로그램·연수
압해서초등학교,2023. 압해서초등학교 AI 맞춤형 온라인 학습 콘텐츠 용역 계약,교육 프로그램·연수
신광초등학교,2023학년도 AI 맞춤형 온라인 콘텐츠 용역,교육 프로그램·연수
도곡중앙초등학교,도곡중앙초 AI 맞춤형 온라인 콘텐츠 활용,교육 프로그램·연수
금성초등학교,2023년 AI 맞춤형 온라인 학습콘텐츠,교육 프로그램·연수
금성초등학교,AI 맞춤형 온라인 학습콘텐츠,교육 프로그램·연수
해보초등학교,2023. AI 맞춤형 온라인 학습콘텐츠 지원,교육 프로그램·연수
엄다초등학교,2023년 AI 맞춤형 온라인 학습 컨텐츠 사용 계약,교육 프로그램·연수
계산초등학교,2023. AI맞춤형 온라인 학습콘텐츠 임차,교육 프로그램·연수
도림고등학교,도림고 2학년 1학기 자율활동 인공지능 교육 위탁 용역,교육 프로그램·연수
삼기초등학교,2023.AI맞춤형 온라인 학습컨텐츠,교육 프로그램·연수
화순초등학교,2023학년도 화순초등학교 AI 온라인 학습 콘텐츠 이용 계약,교육 프로그램·연수
회진초등학교,2023. AI맞춤형 온라인 학습콘텐츠 사용,교육 프로그램·연수
서울세명초등학교,2023학년도 미래과학(AI)교육 계약,교육 프로그램·연수
인천효성고등학교,인천효성고등학교 2023학년도 과학탐구실험 생각코딩교육 용역 계약,교육 프로그램·연수
청계초등학교,AI 맞춤형 온라인 학습콘텐츠 용역계약,교육 프로그램·연수
김포호수초등학교,김포호수초 6학년 코딩교육 용역계약,교육 프로그램·연수
서울서일초등학교,서일초등학교 서초형 스마트교육지원  AI콘텐츠 사용  용역  계약,기기(PC·태블릿·전자칠판 등)
능원초등학교,2023학년도 과학의 날 AI체험활동,교육 프로그램·연수
서울중곡초등학교,2023학년도 서울중곡초등학교 스마트교육(코딩플랜) 수의계약,기기(PC·태블릿·전자칠판 등)
인천작전초등학교,2023학년도 AI교육 강사 활용 수업 계약,교육 프로그램·연수
무릉초등학교,무릉중학교 2023학년도 인공지능(AI) 스마트학습 지원 사업 운영,기기(PC·태블릿·전자칠판 등)
수영초등학교,수영초등학교 2023학년도 1학기 인공지능 체험주간 체험활동 교육업체 계약체결,교육 프로그램·연수
양산초등학교,2023. 양산초 AI맞춤형 온라인 학습콘텐츠 이용 계약,교육 프로그램·연수
만덕초등학교,만덕초 AI 맞춤형 온라인 학습 콘텐츠 이용 용역,교육 프로그램·연수
이양초등학교,2023. AI 온라인 콘텐츠 학습 운영,교육 프로그램·연수
화순초등학교,화순초등학교이서분교장 AI온라인 콘텐츠 이용 계약,교육 프로그램·연수
일로동초등학교,2023. AI 맞춤형 온라인 학습 콘텐츠 이용,교육 프로그램·연수
김녕초등학교,(동복분교장) AI 스마트학습 콘텐츠 및 학습기 대여,기기(PC·태블릿·전자칠판 등)
쌍룡초등학교,2023년 AI행복키움의 날 한마음체육대회 행사대행,잡음
서울동호초등학교,서울동호초등학교 2023학년도 AI창의한마당 운용 용역,교육 프로그램·연수
주암초등학교,AI맞춤형 온라인 학습콘텐츠 이용 용역 계약,교육 프로그램·연수
우도중학교,2023학년도 우도초등학교 인공지능(AI)활용 스마트학습 용역,기기(PC·태블릿·전자칠판 등)
작천초등학교,2023. AI맞춤형 온라인 학습콘텐츠 용역 계약,교육 프로그램·연수
녹동초등학교,2023. AI맞춤형 온라인 학습콘텐츠 용역 계약,교육 프로그램·연수
위미중학교,인공지능 활용 스마트 학습 운영 위탁 용역,기기(PC·태블릿·전자칠판 등)
원일초등학교,에듀테크 활용 디지털 정보교육 운영 용역 계약,교육 프로그램·연수
선일빅데이터고등학교,2023학년도 인공지능 자격증 취득 위탁 교육,교육 프로그램·연수
과역초등학교,2023년 AI맞춤형 온라인 학습콘텐츠 이용 용역 계약,교육 프로그램·연수
부천정보산업고등학교,"AI영상콘텐츠과 2,3학년 학과체험 차량 임차 용역",기기(PC·태블릿·전자칠판 등)
감일고등학교,감일고등학교 인공지능강좌 운영,교육 프로그램·연수
내포중학교,내포중학교 1학년 진로탐색활동(인공지능) 위탁교육 용역 계약,교육 프로그램·연수
서운초등학교,2023 서운초등학교 AI 활용 맞춤형 교육  시범 학교  AI 코스 웨어 계약,교육 프로그램·연수
광운인공지능고등학교,광운인공지능고등학교 그린스마트 미래학교 사전기획 용역계약,기기(PC·태블릿·전자칠판 등)
독천초등학교,2023 AI 맞춤형 온라인 학습콘텐츠 용역계약(독천초등학교),교육 프로그램·연수
도농고등학교,도농고등학교 학교자율과정 1차 진로집중형(인공지능특강) 실시,교육 프로그램·연수
효명고등학교,"AI 학생 맞춤형 솔루션 매쓰홀릭T (1,3학년) 이용계약",교육 프로그램·연수
궁내초등학교,궁내초 2023 특성화교육 코딩체험활동 용역계약,교육 프로그램·연수
금일동초등학교,금일동초 AI맞춤형 온라인 학습콘텐츠 이용 계약,교육 프로그램·연수
인헌중학교,(인헌중)2023학년도 1학년 창체 진로활동에 따른 용역 계약(AI,교육 프로그램·연수
고성초등학교,2023. 고성초등학교 학생 역량강화를 위한 AI 콘텐츠 이용,교육 프로그램·연수
홍동중학교,홍동중학교 자유학기제 AI융합학습지원센터(덕명학습장) 차량 임차,기기(PC·태블릿·전자칠판 등)
수락중학교,2023년 AI-IoT 시범학교 외부 체험활동 임차 용역,기기(PC·태블릿·전자칠판 등)
걸포초등학교,걸포초 2023학년도 AI페스티벌 운영 계약,교육 프로그램·연수
인천인동초등학교,인천인동초등학교 6학년 코딩교육비,교육 프로그램·연수
인동초등학교,인천인동초등학교 6학년 코딩교육비,교육 프로그램·연수
부천여월초등학교,2023학년도 부천여월초 AI-디지털 교육 페스티벌 체험용역 계약,교육 프로그램·연수
중원초등학교,중원초 그린스마트 AI교육 운영,기기(PC·태블릿·전자칠판 등)
인천예일고등학교,2023학년도 인공지능 융합교육 프로젝트 용역 계약,교육 프로그램·연수
서울개봉초등학교,2023. AI코딩교육 위탁 계약,교육 프로그램·연수
동화고등학교,동화고 AI 맞춤형 교육 시범학교(몬스터T연간이용),교육 프로그램·연수
월계중학교,AI동아리 6월 체험활동 차량 임차 용역 계약,기기(PC·태블릿·전자칠판 등)
한국과학기술원부설한국과학영재학교,2023학년도 KAIST 부설 한국과학영재학교  2학년 문화체험 용업 업체  계약 체결,교육 프로그램·연수
진위고등학교,2023 AI활용을 위한 파이썬 기초 프로그래밍 과정,교육 프로그램·연수
신계초등학교,AI 융합교육과정 차량 임차 계약,기기(PC·태블릿·전자칠판 등)
서울천왕초등학교,2023년 천왕초 6학년 코딩 교육(지역연계 교육과정지원 사업) 용역,교육 프로그램·연수
서울천왕초등학교,2023년 천왕초 6학년 코딩 교육(지역연계 교육과정지원 사업) 용역,교육 프로그램·연수
인천경원초등학교,2023학년도 인천경원초등학교 AI창의융합축제 운영 용역계약,교육 프로그램·연수
신계초등학교,AI 인공지능 융합교육과정 차량임차 계약,기기(PC·태블릿·전자칠판 등)
부산기계공업고등학교,2023학년도 부산기계공업고등학교 AI 특화교육 해외연수(싱가포르) 위탁 용역,교육 프로그램·연수
의정부신곡초등학교,2023년 의정부신곡초등학교 에듀테크 미래교육 용역 계약,교육 프로그램·연수
신계초등학교,AI 인공지능 융합교육과정 차량임차  변경 계약,기기(PC·태블릿·전자칠판 등)
망월초등학교,망월초 2023학년도 1~4학년 미래수업 인공지능 체험활동계약,교육 프로그램·연수
미원초등학교,미원초 인공지능 활용교육 실시,교육 프로그램·연수
미래산업과학고등학교,인공지능콘텐츠과 고졸인력양성사업 학생훈련 계약,교육 프로그램·연수
김포호수초등학교,김포호수초 4학년 쪼물락 코딩교육 용역계약,교육 프로그램·연수
영락중학교,영락중학교 인공지능 3교시 히어로 체험비,교육 프로그램·연수
합덕제철고등학교,합덕제철고 AI철강분야 교과용 인정도서 개발용역,교육 프로그램·연수
효명고등학교,2023학년도 1학기 코딩루틴 동아리 외부 강의 의뢰 용역,교육 프로그램·연수
기안중학교,2023학년도 1학년 진로설계(인공지능체험) 용역계약,교육 프로그램·연수
평촌경영고등학교,(직업계고 미래학과-안양시) 평촌경영고 1학년 AI융합과 특강,교육 프로그램·연수
성호중학교,3학년 기술가정 에듀테크 연계 융합수업 물품구입,SW·플랫폼(제품명 미상)
감일고등학교,감일고등학교 코딩체험활동 운영물품 구입,SW·플랫폼(제품명 미상)
계산고등학교,AI미래도시 프로젝트를 위한 허스키렌즈 구입 계약,로봇·교구·키트
동오초등학교,2023학년도 우주탐사프로젝트(에듀테크 미래교육) 물품 대여,SW·플랫폼(제품명 미상)
영락중학교,2023 창의융합형 과학실 AI 물품 구매,SW·플랫폼(제품명 미상)
흥도초등학교,"2022년 흥도초 2분기(6월달)방과후학교 재료 및 교재구입(코딩,생명과학)",SW·플랫폼(제품명 미상)
부천공업고등학교,2023학년도 부천공업고등학교 인공지능 자동차과 아반떼AD 차량 구매,기기(PC·태블릿·전자칠판 등)
발곡초등학교,발곡초등학교 코딩교육 물품 구매 계약,SW·플랫폼(제품명 미상)
서울금동초등학교,서울금동초 AI실 사인물 제작,SW·플랫폼(제품명 미상)
인천선학초등학교,선학초등학교 인공지능(AI) 선도학교 물품 구입,SW·플랫폼(제품명 미상)
분당아람고등학교,4층 취업관리실 AI 부스 구입,SW·플랫폼(제품명 미상)
남양주신촌초등학교,"2023학년도 5,6학년 AI 운영 물품 구입",SW·플랫폼(제품명 미상)
지제초등학교,지제초 2023학년도 2분기 방과후학교 코딩 강좌 재료 구입,SW·플랫폼(제품명 미상)
추자중학교,2023 인공지능 활용 스마트학습에 따른 온라인 수강권 구입,기기(PC·태블릿·전자칠판 등)
관양초등학교,관양초등학교 4~6학년 AI교육 교재 구입 계약,SW·플랫폼(제품명 미상)
서울시흥초등학교,"AI 교실 및 체육시설 개방 사업 관련 현판, 게시판 제작 구입",SW·플랫폼(제품명 미상)
계산고등학교,AI디지털연구소 동아리 활동을 위한 정보기기 구매계약,SW·플랫폼(제품명 미상)
온평초등학교,온평초 및 병설유치원 교육용 AI로보트 구입,SW·플랫폼(제품명 미상)
일산대진고등학교,2023년 인공지능(AI)융합교육 중심고 수업자료집 제작,SW·플랫폼(제품명 미상)
광운인공지능고등학교,광운인공지능고등학교 2학기 실험실습재료 구입,로봇·교구·키트
곡정고등학교,곡정고 3차 도서구입(AI전쟁 외280권),SW·플랫폼(제품명 미상)
고흥도화고등학교,고흥도화고등학교 미래역량강화사업 AI 코티칭 물품 구입,SW·플랫폼(제품명 미상)
경민IT고등학교,경민IT고 에듀테크 미래교육 물품 구입 계약 체결,SW·플랫폼(제품명 미상)
왕배초등학교,2023학년도 제3분기 방과후학교 교재 및 재료 구매(피지컬코딩외2부서),SW·플랫폼(제품명 미상)
우도중학교,2023학년도 우도초등학교 인공지능(AI)활용 스마트학습 용역,기기(PC·태블릿·전자칠판 등)
강동고등학교,강동고등학교 AI디지털뉴미디어 실습체험교육 용역 계약,로봇·교구·키트
다산고등학교,2023년 디지털 창의역량교육 AI기술 활용 메이커 교육 연수,교육 프로그램·연수
유곡초등학교,2023학년도 유곡초등학교 AI 축제의 날 부스운영 용역계약,교육 프로그램·연수
은혜중학교,2023학년도 1학기 학교자율과제 에듀테크 수업,교육 프로그램·연수
강동고등학교,강동고등학교 AI디지털뉴미디어 실습체험교육 용역 계약,교육 프로그램·연수
안산서초등학교,"1,2학년 자율과제(AI융합교육) 운영 계약",교육 프로그램·연수
회진초등학교,2023. AI맞춤형 온라인 학습콘텐츠 사용,교육 프로그램·연수
대건고등학교,2023년 제7회 대건 AI 소셜임팩트 Innovation LAB 메이커톤 개최,교육 프로그램·연수
천안서여자중학교,2023 AI융합교육과정 이끎학교 운영 임차 버스,교육 프로그램·연수
광운인공지능고등학교,광운인공지능고등학교 체육관 전면보수,교육 프로그램·연수
인천연송고등학교,2023학년도 인공지능 진로체험 차량 임차 계약,교육 프로그램·연수
세종미래고등학교,직업계고 재구조화 학과 교육과정 안내 홍보용 챗봇 제작 용역,잡음
광운인공지능고등학교,광운인공지능고등학교 그린스마트 미래학교 사전기획 용역계약,교육 프로그램·연수
순천효천고등학교,2023. 에듀테크 활용 스마트 교육 클라우드 운영,교육 프로그램·연수
김포중학교,2023학년도 2학기 김포미래교육협력지구 교육과정 특성화 지원 코딩기초 운영 계약,교육 프로그램·연수
천안여자중학교,2023 인공지능동아리 차량 임차 용역,교육 프로그램·연수
인천인동초등학교,5학년 코딩교육비,교육 프로그램·연수
인동초등학교,5학년 코딩교육비,교육 프로그램·연수
우도중학교,2023학년도 우도초등학교 인공지능(AI)활용 스마트학습 용역,교육 프로그램·연수
대구팔공중학교,2023학년도 대구팔공초등학교 인공지능 및 에듀테크 교육의 날 행사 용역 계약,교육 프로그램·연수
부천정보산업고등학교,AI영상콘텐츠과 1~2학년 학과체험 차량 임차 용역,교육 프로그램·연수
궁평초등학교,궁평초 교육공동체와 함께하는 인공지능(AI) 체험행사 용역 계약,교육 프로그램·연수
서울서원초등학교,5학년 인공지능 기반 학생 융합 동아리 운영 용역 계약,교육 프로그램·연수
인천당하초등학교,인천당하초등학교 2023학년도 인공지능(AI)교육 선도학교 AI교육 및 체험 용역 계약,교육 프로그램·연수
전대초등학교,2023학년도 인공지능 학생동아리 운영 용역 계약,교육 프로그램·연수
월랑초등학교,2022학년도 월랑초등학교 충남인공지능 끝장개발 한마당 참가 차량 임차용역,교육 프로그램·연수
송곡초등학교,2023학년도 2학기 스포츠클럽대회 및 인공지능 개발대회 참가,교육 프로그램·연수
수영초등학교,2023학년도 2학기 인공지능 체험[레고에듀케이션] 용역 계약,교육 프로그램·연수
신계초등학교,AI융합교육과정 운영 역량강화연수 차량임차용역,교육 프로그램·연수
동면초등학교,2023학년도 AI온라인 콘텐츠 홈런기기 대여 용역계약,제품:홈런
수원정보과학고등학교,"2023년 특수건강진단(AI융합전자과, 스마트자동화과 1~3학년 학생 및 전공교사) 용역",잡음
상품중학교,상품중 진로 비전트리 박람회 관련 AI 기반 진로체험 용역 계약,교육 프로그램·연수
서울삼광초등학교,삼광초 인공지능 기반 융합교육 계약,교육 프로그램·연수
군포신기초등학교,2023년 2학기 교과특성화 코딩교육 운영 용역,교육 프로그램·연수
푸른초등학교,2023년 푸른초등학교 2학년 디지털 새싹 코딩 체험교육 운영 계약,교육 프로그램·연수
부여고등학교,부여고등학교 2학기 인공지능(AI) 융합 교육과정 평가회 숙식 및 강의시설 대관 용역,교육 프로그램·연수
대구팔공중학교,2023년 AI 기반 디지털 학습 콘텐츠 보급 사업 위탁 용역,교육 프로그램·연수
양오중학교,양오중 중1 4차산업 미래기술 인공지능 진로체험 용역,교육 프로그램·연수
조원중학교,2023학년도 조원중학교 인공지능 체험 용역 계약,교육 프로그램·연수
옥정중학교,2023학년도 2학년 인공지능 진로체험 용역 계약,교육 프로그램·연수
주곡초등학교,2023학년도 6학년 자율과정 AI 수업강사 교육비,교육 프로그램·연수
주곡초등학교,주곡초등학교 AI 선도학교 교육운영비,교육 프로그램·연수
동광초등학교,2023학년도 2학기 창의교육(코딩) 구매,기기(PC·태블릿·전자칠판 등)
감일고등학교,감일고등학교 인공지능 융복합수업 물품 구입,기기(PC·태블릿·전자칠판 등)
흥도초등학교,흥도초 방과후학교 3분기 9월달  교재 및 재료 구입(생명과학및코딩),로봇·교구·키트
동일미래과학고등학교,AI교육선도학교운영 거점학교 운영 재료(레고에듀케이션 브릭세트 외 7종) 구입,로봇·교구·키트
돌마고등학교,인공지능 교육실(AI실) 무선마이크 및 송신기 구입,기기(PC·태블릿·전자칠판 등)
혜원여자고등학교,혜원여고 AI실 폴딩도어 구매 계약,인프라(교실·설비)
세경고등학교,2023학년도 2학기 2차 인공지능반도체과 실험실습 소모품 구입 계약,로봇·교구·키트
광운인공지능고등학교,광운인공지능고등학교 실외게시 시설개선 관급자관급(LED전광판) 물품 계약,기기(PC·태블릿·전자칠판 등)
연서초등학교,2023학년도 6학년 2학기 코딩교육 물품 구입 계약,기기(PC·태블릿·전자칠판 등)
초지중학교,방과후학교 창의코딩반 재료 구입,로봇·교구·키트
신남초등학교,신남초 2023학년도 3분기 방과후과정 교재 및 재료 구 계약(코딩 외),로봇·교구·키트
정발중학교,에듀테크 교육연구회 자료집 제작,로봇·교구·키트
진위고등학교,코딩 실습 재료 구입,로봇·교구·키트
신흥중학교,인공지능(AI) 교육 선도학교 물품(2면 매입형 칠판 외) 구입,인프라(교실·설비)
광운인공지능고등학교,광운인공지능고등학교 군특성화 교보재 디지털통신 실험장치 구입,기기(PC·태블릿·전자칠판 등)
매향여자정보고등학교,에듀테크 콘텐츠 제작 장비 및 소모품 구매,SW·플랫폼(제품명 미상)
광운인공지능고등학교,광운인공지능고 2024학년도 학교주관 교복(동·하복) 구매,잡음
낙성초등학교,낙성초등학교 인공지능(AI) 물품 구입,기기(PC·태블릿·전자칠판 등)
서울인공지능고등학교,2024학년도 서울인공지능고등학교 교복 2단계(규격·가격 동시) 입찰 공고,잡음
다시초등학교,다시초등학교 AI교실 기둥소파외 4종 제작구매,인프라(교실·설비)
대흥고등학교,"선진형 교과교실제, AI 선도학교 보조칠판 구입",인프라(교실·설비)
군포초등학교,AI 선도학교 운영 물품 구입,기기(PC·태블릿·전자칠판 등)
산운초등학교,다함께 꿈터 코딩교실 물품(햄스터 봇) 구입 계약,로봇·교구·키트
광운인공지능고등학교,광운인공지능고등학교 2024학년도 체육복 구입,잡음
광운인공지능고등학교,"광운인공지능고등학교 인기과, 인컴과 학과재구조화 홍보물품 구입",기기(PC·태블릿·전자칠판 등)
동학초등학교,2023학년도 동학초등학교 병설유치원 놀이자료(코딩) 구매 계약,로봇·교구·키트
세경고등학교,2023학년도 2학기 3차 인공지능반도체과 실험실습 소모품 구입,로봇·교구·키트
별가람고등학교,별가람고 학교자율과정 에듀테크 수업지원 재료 구매계약,로봇·교구·키트
지제초등학교,지제초등학교 3분기 방과후학교 코딩 재료 구입,로봇·교구·키트
서울강남초등학교,서울강남초 AI교실 용역,교육 프로그램·연수
분당초등학교,2023년 분당초 4학년 AI코디니 교육 계약,교육 프로그램·연수
송내고등학교,2023학년도 송내고 AI 특색활동 운영,교육 프로그램·연수
여주초등학교,여주초 2023학년도 찾아가는 코딩교실 용역 계약,교육 프로그램·연수
동두천초등학교,2023년 디지털 창의역량 교육 실천학교 인공지능 체험수업 용역 계약,교육 프로그램·연수
대철중학교,2023학년도 대철중학교 AI상상이룸공작소 재해예방기술지도용역,교육 프로그램·연수
금호초등학교,금호초등학교 AI기반 디지털 학습콘텐츠 위탁 용역 전자계약 체결,교육 프로그램·연수
덕은한강중학교,탄소중립AI융합 VR기후변화 체험 계약,VR/XR 장비
서울한천초등학교,2023 신나는 AI 교실 운영을 위한 학년별 인공지능 교육 실시,교육 프로그램·연수
인천과학예술영재학교,인천과학예술영재학교 2022학년도 AI 융합교과 교수학습자료집 제작 용역 계약,교육 프로그램·연수
태안고등학교,2023학년도 1학년 AI 진로문화체험 차량 임차,교육 프로그램·연수
태안고등학교,2023학년도 2학년 AI 진로문화체험 차량 임차,교육 프로그램·연수
덕은초등학교,2023학년도 5학년 에듀테크 수업 체험계약,교육 프로그램·연수
광운인공지능고등학교,광운인공지능고 2023학년도 직업계고 실험실습생 및 교사 하반기 특수건강검진,잡음
부천정보산업고등학교,AI영상콘텐츠과 1~3학년 학과체험 차량 임차 용역,교육 프로그램·연수
동패초등학교,동패초 6학년 교내비전체험(AI실) 교육,교육 프로그램·연수
남원용성고등학교,남원용성고 AI & 디지털 체험활동 숙식 용역,교육 프로그램·연수
위례중앙초등학교,위례중앙초 6학년 에듀테크활용 역사체험 차량임차 용역,교육 프로그램·연수
광운인공지능고등학교,광운인공지능고등학교 그린스마트 미래학교 사전기획 용역계약,교육 프로그램·연수
능원초등학교,6학년 사회성 회복을 위한 학생활동 지원 미래교육(ZEP코딩교육) 운영 계약,제품:젭(ZEP)
은여울초등학교,에듀테크 활용수업 도서컨텐츠 서비스 계약,교육 프로그램·연수
서울언남초등학교,2023학년도 서울언남초 AI과학대축제 행사운영 용역,교육 프로그램·연수
서울언남초등학교,2023학년도 서울언남초 AI과학대축제 행사운영 용역,교육 프로그램·연수
방포초등학교,방포초 2023 인공지능 진로체험 차량임차 용역계약,교육 프로그램·연수
수원정보과학고등학교,"2023년 특수건강진단(AI융합전자과, 스마트자동화과 1~3학년 학생 및 전공교사) 용역",잡음
김포제일공업고등학교,2023학년도 김포제일공업고 미래역량강화교육 학생 AI특강,교육 프로그램·연수
온신초등학교,온신초 코딩교육 용역 계약,교육 프로그램·연수
영선중학교,에듀테크 시범학교 수업 영상촬영 및 라이브 스트리밍 용역,교육 프로그램·연수
장안중학교,2023학년도 디지털 선도학교 에듀테크 활용(코스페이시스) 교육,제품:코스페이시스
명일중학교,2023학년도 AI 체험의 날 용역 계약,교육 프로그램·연수
마장초등학교,마장초 4학년 AI 강의,교육 프로그램·연수
김녕초등학교,[동복분교장] 인공지능(AI)활용 스마트학습 콘텐츠 및 학습기 대여용역,교육 프로그램·연수
서령중학교,2023년 충남형 AI융합교육과정 이끎학교 교직원 연수,교육 프로그램·연수
교문중학교,미래교육 창의프로젝트 다재다능한 AI 체험,교육 프로그램·연수
영선고등학교,2023년 에듀테크 시범학교 운영 영상 제작,교육 프로그램·연수
덕풍중학교,2023학년도 덕풍중학교 클래스코딩 체험교육 용역 계약,제품:클래스코딩
용인신촌중학교,2023학년도 1학년 2학기 교과연계 인공지능 진로체험활동,교육 프로그램·연수
봉래초등학교,2023학년도 진로교육활동(AI 교육) 위탁 용역,교육 프로그램·연수
경기영상과학고등학교,2023학년도 경기영상과학고 AI기반 실전 면접 진로 특강 용역 계약,교육 프로그램·연수
구산중학교,「경남미래교육성과 보고회」 AI 콘텐츠 제작 용역,교육 프로그램·연수
영종국제물류고등학교,2023학년도 혁신학교 및 에듀테크 교육을 위한 학생 체험활동 차량 임차,교육 프로그램·연수
서울고은초등학교,2023학년도 스마트학습(코딩교육) 운영 계약,교육 프로그램·연수
창원공업고등학교,혁신지구사업 취업역량강화(생성형AI이해와 활용) 위탁교육 용역,교육 프로그램·연수
신한중학교,2023학년도 신한중 1학년 2학기 AI 집중 교육과정 체험 용역,교육 프로그램·연수
정관중학교,정관중 1학년 AI역량강화 현장체험체험 차량 임차 용역 수의계약 안내 공고,교육 프로그램·연수
동화초등학교,2023. AI 맞춤형 온라인 학습콘텐츠 지원 사업 계약,교육 프로그램·연수
상곡초등학교,2023 인공지능 기반 맞춤형 디지털 홈런 올인원 콘텐츠  용역,제품:홈런
은혜중학교,경기미래교육 자율과제(에듀테크) 관련 학생 교육활동 체험비,교육 프로그램·연수
장안중학교,2023학년도 디지털 선도학교 에듀테크 활용(코스페이시스) 교육-1학년,제품:코스페이시스
서울논현초등학교,2023 서울논현초 각 실 바닥세척 및 코딩작업 계약,교육 프로그램·연수
목포항도초등학교,2023. 에듀테크 온 과학동아리 진로체험(과학마술콘서트) 용역,교육 프로그램·연수
위례한빛고등학교,2023년 인공지능 AI 교육 선도학교 정보교육실 인터넷 공간교육,교육 프로그램·연수
현대중학교,2023학년도 2학년 자율활동 인공지능 코딩수업 용역 계약,교육 프로그램·연수
경민IT고등학교,경민IT고등학교 온코딩 드림메이커B반 PC재료 구입,로봇·교구·키트
강서고등학교,신관 3층 에듀테크 자기주도학습실 책걸상 구입,인프라(교실·설비)
신남초등학교,신남초 2023학년도 4분기 방과후과정 교재 및 재료 구입 계약(코딩 외),로봇·교구·키트
광운인공지능고등학교,"광운인공지능고등학교 인기과, 인컴과 학과재구조화 홍보물품 구입 변경계약",기기(PC·태블릿·전자칠판 등)
안양여자중학교,1학년AI교육 물품 구입 건,기기(PC·태블릿·전자칠판 등)
나주금천중학교,나주금천중학교 AI교실 AV학습장치 구매,인프라(교실·설비)
인천재능고등학교,2023학년도 인천재능고 신산업 분야 학과개편(AI체형분석기) 구입,기기(PC·태블릿·전자칠판 등)
신라공업고등학교,직업계고 AI융합과 학과재구조화 비중 확대 사업 관련 수납장(상유리장) 교체 계약,기기(PC·태블릿·전자칠판 등)
삼호중학교,엘레베이터 노후 부품[ 메인쉬브(MAIN SHEAVE) 로프] 교체,잡음
푸른중학교,푸른중 에듀테크 활용 예술체육 수업  및 체육교과 수업 운영 물품 구입,기기(PC·태블릿·전자칠판 등)
여수해양과학고등학교,AI교실 물품구매 입찰공고(전자 물품),인프라(교실·설비)
군남초등학교,AI정보교육중심학교 교육 물품(레고스파이크프라임) 구입,로봇·교구·키트
세경고등학교,2024학년도 1학기 1차 인공지능반도체과 실험실습 소모품 구입,로봇·교구·키트
포천노곡초등학교,포천노곡초 AI러닝 Lite2 사용 계약,제품:AI러닝
명덕초등학교,2023. AI 맞춤형 온라인 학습 컨텐츠,교육 프로그램·연수
영선중학교,에듀테크 시범학교 사례집 제작,교육 프로그램·연수
논산대건고등학교,논산대건고등학교 인공지능 문화체험센터 견학을 위한 차량 임차,교육 프로그램·연수
대철중학교,2023학년도 대철중학교 AI상상이룸공작소 재해예방기술지도용역,교육 프로그램·연수
영선고등학교,2023학년도 에듀테크 시범학교 수업사례집 제작,교육 프로그램·연수
서울양원초등학교,서울양원초등학교 2024학년도 에듀테크센터 전산요원 용역 계약,교육 프로그램·연수
삼일공업고등학교,2023년도 수원형 도제교육 코딩 강의 위탁 용역 계약,교육 프로그램·연수
광운인공지능고등학교,광운인공지능고등학교 본관 내부 도장공사,교육 프로그램·연수
평촌경영고등학교,AI화상면접 대비 맞춤별 면접 특강 용역 계약,AI 면접시스템
휘봉고등학교,2024학년도 에듀테크매니저 도급용역 계약,교육 프로그램·연수
만덕초등학교,만덕초 AI 맞춤형 온라인 학습 컨텐츠 이용 용역,교육 프로그램·연수
만덕초등학교,2024학년도 만덕초 AI 맞춤형 온라인 학습 컨텐츠 이용 용역,교육 프로그램·연수
서울한천초등학교,2024 신나는 AI 교실 운영을 위한 학년별 인공지능 교육 실시,교육 프로그램·연수
현대중학교,2024학년도 2학년 자율활동 인공지능 코딩수업 용역 계약,교육 프로그램·연수
부산기계공업고등학교,2024학년도 AI특화교육 해외연수(싱가포르) 항공권 구매,교육 프로그램·연수
서울신성초등학교,2024학년도 서울신성초 AI기반 4차산업 미래교육 위탁 용역,교육 프로그램·연수
만성중학교,2024년 에듀테크부 복합기 임차 계약,교육 프로그램·연수
수원칠보고등학교,수원칠보고 2024학년도 토요 STEAM 융합교육활동[일상 속 AI] 특강 체험 용역 계약,교육 프로그램·연수
서울정릉초등학교,2024년 신나는 AI교실 운영,교육 프로그램·연수
푸른초등학교,2024년 푸른초등학교 코딩 체험교육 운영 계약,교육 프로그램·연수
동보초등학교,2024학년도 동보초 학생 미래역량 강화  AI 교육 운영 계약,교육 프로그램·연수
동보초등학교,2024학년도 동보초 학생 미래역량 강화  AI 교육 장비 임대 계약,교육 프로그램·연수
세종미래고등학교,2024학년도 학교 교육과정 안내 홍보용 챗봇 유지보수 용역,잡음
송안초등학교,돌봄교실 및 AI실 신발장 바닥 타일 설치 계약,인프라(교실·설비)
추자중학교,2024 인공지능 활용 스마트학습에 따른 학습기 대여 및 온라인 수강권 구입,SW·플랫폼(제품명 미상)
동탄중앙초등학교,AI정보화 기자개 구입,기기(PC·태블릿·전자칠판 등)
부용고등학교,부용고등학교 2024 에듀테크 활용 학생 맞춤형 수업을 위한 화이트보드 제작,기기(PC·태블릿·전자칠판 등)
남양주다산초등학교,2024학년도 남양주다산초 방과후학교 1분기 코딩A  재료 구입,로봇·교구·키트
무릉초등학교,2024학년도 무릉중학교 인공지능 스마트학습 지원사업 학습컨텐츠 구입,기기(PC·태블릿·전자칠판 등)
곡정고등학교,2024년 1차 조서구입(인공지능구조원리교과서 외 338권),기기(PC·태블릿·전자칠판 등)
정왕고등학교,2024학년도 AI정보교육 중심학교 운영물품 구매 계약,기기(PC·태블릿·전자칠판 등)
광운인공지능고등학교,광운인공지능고등학교 2024학년도 1학기 실험실습재료 구입,로봇·교구·키트
관양초등학교,관양초 5학년 AI교육 계약,기기(PC·태블릿·전자칠판 등)
관양초등학교,관양초 5학년 AI교육 계약,기기(PC·태블릿·전자칠판 등)
발곡초등학교,2024학년도 발곡초등학교 코딩교육 물품 구매 계약,기기(PC·태블릿·전자칠판 등)
금산산업고등학교,2024 금산산업고 학교공간혁신사업 AI창의융합실(메이커스페이스) 운영 장비 구입,기기(PC·태블릿·전자칠판 등)
태장고등학교,2024학년도 태장고 인공지능 현미경 청개구리교실(자율교육형) 실험 물품 구입,인프라(교실·설비)
합덕고등학교,2024년 에듀테크 체육시설 물품 구입,기기(PC·태블릿·전자칠판 등)
백봉초등학교,인공지능(AI)활용 맞춤형 학습지원 메타퀘스트3 세트 구매 계약,제품:메타퀘스트(Meta Quest)
이현중학교,2024학년도 인공지능(AI) 정보교육 중심학교 물품 구매 계약,기기(PC·태블릿·전자칠판 등)
상률초등학교,상률초등학교 AI코딩 및 에듀테크 체험용 재료(VINU) 구입,제품:VINU
용인성산초등학교,"용인성산초 AI, 에듀테크실 조성 물품(레고 스파이크 경기장, 경기장 매트) 구입 계약",로봇·교구·키트
남양주신촌초등학교,2024학년도 5학년 학교자율과정 코딩학습 운영 물품 구입(임대 포함),기기(PC·태블릿·전자칠판 등)
세경고등학교,2024학년도 1학기 2차 인공지능반도체과 실험실습 소모품 구입,로봇·교구·키트
치악고등학교,스스로 공부하는 학교문화 만들기 코딩교육 물품 구입 계약,기기(PC·태블릿·전자칠판 등)
부산기계공업고등학교,2024학년도 창의개발부 AI메이커실 실습재료 구입 소액수의(견적) 계약,로봇·교구·키트
안양부흥초등학교,2024학년도 코딩패키지 대여 계약,교육 프로그램·연수
광주고등학교,디지털기반 교육혁신 선도학교 학생동아리 인공지능 코당반 교육계약,교육 프로그램·연수
인천운서초등학교,"인천운서초 2024학년도 5,6학년 코딩교육 위탁 용역 계약",교육 프로그램·연수
군포신기초등학교,2024학년도 군포신기초 교과특성화 코딩교육 용역계약,교육 프로그램·연수
서울경동초등학교,2024학년도 서울경동초등학교 과학의달 행사 신나는 AI축제 학생교육,교육 프로그램·연수
갈곡초등학교,"2024학년 갈곡초 AI창의데이(VR스포츠, 미래진로, 4차산업)체험 운영 계약",VR/XR 장비
손불서초등학교,2024. AI 맞춤형 온라인 학습 콘텐츠 이용,교육 프로그램·연수
갈곡초등학교,2024학년 갈곡초 AI창의데이 체험 운영계약,교육 프로그램·연수
대구동일초등학교,수성구청 교육경비 보조금 코딩 수업 위탁 용역 계약,교육 프로그램·연수
봉래초등학교,2024. AI 맞춤형 온라인 학습콘텐츠 이용 계약,교육 프로그램·연수
청평초등학교,2024학년도 GO-CAR 코딩교육 르로그램 운영 위탁 용역계약,제품:GO-CAR
우도중학교,2024학년도 우도초등학교 AI활용 스마트학습 위탁 용역,교육 프로그램·연수
덕동초등학교,2024년 6학년 꿈끼 프로젝트 클래스코딩 체험교육,제품:클래스코딩
망월초등학교,망월초 1-2학년 미래수업 인공지능 제험,교육 프로그램·연수
광주소프트웨어마이스터고등학교,2024년 AI EXPO KOREA참석 부스 및 부대시설이용 계약,교육 프로그램·연수
명덕초등학교,2024. AI 맞춤형 온라인 학습 컨텐츠,교육 프로그램·연수
인천먼우금초등학교,인천먼우금초 2024학년도 AI.정보교육 중심학교 운영을 위한 업체 계약,교육 프로그램·연수
백수서초등학교,2024. AI 맞춤형 온라인 콘텐츠 사용 용역 계약,교육 프로그램·연수
삼산초등학교,2024 AI맞춤형 온라인 학습콘텐츠 사용계약,교육 프로그램·연수
이양초등학교,2024. AI 맞춤형 온라인 학습 콘텐츠 운영,교육 프로그램·연수
모현초등학교,모현초 2024년 디지털 창의역량교육 실천학교 미소교육 AI창체동아리 운영 계약,교육 프로그램·연수
주암초등학교,AI맞춤형 온라인 학습콘텐츠 이용 용역 계약,교육 프로그램·연수
여남초등학교,AI맞춤형 온라인 콘텐츠 이용 계약,교육 프로그램·연수
고암초등학교,2024학년도 고암초 레고 코딩 방과후 운영 계약,교육 프로그램·연수
만덕초등학교,AI 맞춤형 온라인 학습콘텐츠 이용 용역,교육 프로그램·연수
원촌초등학교,2024학년도 원촌초등학교 AI맞춤형 온라인 학습콘텐츠 운영 용역 계약,교육 프로그램·연수
서울무학초등학교,2024 AI 기반 융합 미래교육 협력수업 계약,교육 프로그램·연수
서울삼광초등학교,삼광초 인공지능 융합교육 운영 계약,교육 프로그램·연수
서울삼광초등학교,삼광초 인공지능 융합교육 운영 계약,교육 프로그램·연수
신흥초등학교,2024학년도 코딩 수업 계약,교육 프로그램·연수
서울반원초등학교,AI맞춤형 수업 운영을 위한 무선 네트워크 정비 계약,교육 프로그램·연수
장평초등학교,2024년 AI 맞춤형 온라인 학습 콘텐츠 대여 용역 계약,교육 프로그램·연수
여수봉산초등학교,2024학년도 AI맞춤형 온라인 학습컨텐츠 이용 용역 계약,교육 프로그램·연수
신흥초등학교,2024학년도 코딩 수업 계약,교육 프로그램·연수
삼기초등학교,2024. AI 맞춤형 온라인 학습 컨텐츠 계약,교육 프로그램·연수
청계북초등학교,청계북초 AI 맞춤형 온라인 학습콘텐츠 용역 계약,교육 프로그램·연수
병영초등학교,AI맞춤형 온라인 학습 콘텐츠 지원 용역,교육 프로그램·연수
서울신림초등학교,AI 진로 축제 행사 용역,교육 프로그램·연수
세종중학교,2024학년도 세종중학교 자유학기제 진로탐색 코딩수업 체험 용역,교육 프로그램·연수
월산초등학교,2024. AI온라인 학습콘텐츠 용역 계약,교육 프로그램·연수
장평초등학교,2024년 AI 맞춤형 온라인 학습 콘텐츠 사용 용역 계약,교육 프로그램·연수
봉래초등학교,2024. AI 맞춤형 온라인 학습콘텐츠 이용 변경 계약,교육 프로그램·연수
삼기초등학교,2024. AI맞춤형 온라인 학습 컨텐츠 계약,교육 프로그램·연수
군남초등학교,2024 군남AI FLL 프로젝트 운영(퓨너스)  계약,교육 프로그램·연수
망운초등학교,2024. 망운초 AI 맞춤형 온라인 학습 콘텐츠 구입,교육 프로그램·연수
삼기초등학교,AI 맞춤형 학습 컨텐츠 추가 계약,교육 프로그램·연수
미래산업과학고등학교,(고용) 미래유망분야 고졸인력 인공지능콘텐츠과 학생훈련,교육 프로그램·연수
삼기초등학교,2024. AI맞춤형 온라인 학습 컨텐츠 추가 계약,교육 프로그램·연수
가파초등학교,2024학년도 가파초등학교 AI활동 스마트학습 용역계약,교육 프로그램·연수
김녕초등학교,2024학년도 김녕초등학교동복분교장 인공지능(AI) 활용 스마트학습 운영 위탁 용역,교육 프로그램·연수
서울가인초등학교,2024학년도 AI교육 위탁 계약,교육 프로그램·연수
여수남산초등학교,2024학년도 AI맞춤형 온라인 학습 콘텐츠 운영 용역 계약,교육 프로그램·연수
덕화중학교,"2024학년도 서울대학교, 한국잡월드 AI 진로체험활동 위탁 용역 계약",교육 프로그램·연수
김포호수초등학교,김포호수초 6학년 코딩수업 용역계약,교육 프로그램·연수
문척초등학교,2024학년도 AI맞춤형 온라인 학습콘텐츠 지원 용역 계약,교육 프로그램·연수
작천초등학교,2024. AI맞춤형 온라인 학습콘텐츠 용역 계약,교육 프로그램·연수
여주초등학교,2024학년도 여주형 미래교육과정 AI 체험교육,교육 프로그램·연수
왕곡초등학교,왕곡초등학교 AI 맞춤형 온라인 학습콘텐츠 용역 계약,교육 프로그램·연수
운천중학교,운천중학교 AI 코딩교육 실시,교육 프로그램·연수
원일초등학교,에듀테크 활용 디지털 정보교육 운영 용역 계약,교육 프로그램·연수
진위고등학교,2024학년도 진위고 1학기 인공지능 프로그래밍 교육,교육 프로그램·연수
회진초등학교,2024. AI맞춤형 온라인 학습기기 및 콘텐츠(홈런올인원) 사용,제품:홈런
회진초등학교,2024. AI맞춤형 온라인 학습 콘텐츠 사용,교육 프로그램·연수
부천정보산업고등학교,"AI영상콘테츠과 2, 3학년 진로체험 차량 임차 용역",교육 프로그램·연수
위미중학교,AI(인공지능) 기반 스마트 학습 운영 위탁 용역,교육 프로그램·연수
잠원중학교,다재다능한 AI 체험,교육 프로그램·연수
서울대길초등학교,2024학년도 서울대길초등학교 AI 및 코딩 교육 계약,교육 프로그램·연수
이천가산초등학교,2024년 이천가산초 에듀테크 선도학교 방문 및 현지연수,교육 프로그램·연수
수원초등학교,에듀테크 지원을 위한 띵커벨 온라인 협업 도구 계약,제품:띵커벨
태원고등학교,2024년 디지털 선두학교(수학) AI교육솔루션,교육 프로그램·연수
천안서여자중학교,인공지능 융합교육과정 운영을 위한 차량 임차,교육 프로그램·연수
천안서여자중학교,인공지능 융합교육과정 운영을 위한 차량 임차,교육 프로그램·연수
서울강남초등학교,2024 서울강남초 AI코딩교실 용역,교육 프로그램·연수
인천당하초등학교,인천당하초등학교 2024학년도 AI정보교육 중점학교 교육운영 용역 계약,교육 프로그램·연수
민백초등학교,민백초등학교 2024학년도 3-6학년 자율과제 AI체험교육 운영 계약,교육 프로그램·연수
부산기계공업고등학교,2024학년도 부산기계공고 AI특화교육 해외연수(싱가포르) 위탁 용역,교육 프로그램·연수
서울동구고등학교,인공지능 사용 향상 과정 위탁교육(고졸자 사업),교육 프로그램·연수
안양부흥초등학교,안양부흥초 2024학년도 2학년 코딩패키지 대여 계약,교육 프로그램·연수
인천작전초등학교,인천작전초등학교 AI 선도학교 교직원 워크숍 차량 임차 용역,교육 프로그램·연수
대건고등학교,대건고등학교 AI모빌리티 동아리 외부체험활동 차량용역(7월7일),교육 프로그램·연수
경일관광경영고등학교,2024학년도 학과 재구조화 홍보(AI 세무회계과 ) 용역,교육 프로그램·연수
부산기계공업고등학교,2024학년도 부산기계공고 AI특화교육 해외연수(싱가포르) 위탁 용역,교육 프로그램·연수
삼일고등학교,AI 빅데이터 사업 전기 통신 이전 용역 계약,교육 프로그램·연수
삼일고등학교,AI 빅데이터 사업 집기 이전 용역 계약,교육 프로그램·연수
샘말초등학교,2024 디지털 선도학교 찾아오는 AI 교실 체험활동 계약,교육 프로그램·연수
신한중학교,신한중 1학년 AI 인공지능 진로 체험,교육 프로그램·연수
미래산업과학고등학교,인공지능콘텐츠과 미래유망분야 고졸인력 양성사업,교육 프로그램·연수
기안중학교,기안중학교 2024학년도 1학년 진로설계(인공지능체험) 활동,교육 프로그램·연수
대구용전초등학교,2024학년도 AI 원서 동화 읽기 온라인 콘텐츠 구입 용역 계약,교육 프로그램·연수
동탄중학교,동탄중학교 인공지능과 미래사회 정보교과 수업재료 구입,로봇·교구·키트
수서중학교,인공지능 융합 학습공간 조성 물품 구입,기기(PC·태블릿·전자칠판 등)
남양주다산초등학교,2024학년도 남양주다산초 방과후학교 2분기 코딩A 재료 구입,로봇·교구·키트
반곡고등학교,반곡고등학교 인공지능실 조성 비품 구입,기기(PC·태블릿·전자칠판 등)
추자중학교,[변경계약] 2024 인공지능 활용 스마트학습에 따른 학습기 대여 및 온라인 수강권 구입,SW·플랫폼(제품명 미상)
인천첨단초등학교,인천첨단초등학교병설유치원 AI놀이실 멀티미디어학습장치 구매 계약,기기(PC·태블릿·전자칠판 등)
서울문영여자중학교,2024.서울문영여중 AI교실 붙박이장 구입,인프라(교실·설비)
금광초등학교,2024년 금광초공간재구조화 스마트기가 구입(AI실물화상기),기기(PC·태블릿·전자칠판 등)
광운인공지능고등학교,광운인공지능고등학교 2024학년도 2학기 실험실습재료 구입,로봇·교구·키트
광운인공지능고등학교,광운인공지능 2024학년도 신입생 홍보물품 및 현장실습 교육과정 기업발굴기념품 구입,기기(PC·태블릿·전자칠판 등)
금촌초등학교,AI인공 지능형과학교실 내부 환경공간구성및복도 환경게시판 제작 구입,인프라(교실·설비)
서울영원초등학교,서울영원초  신나는 AI교실 물품 구매 계약,인프라(교실·설비)
재능고등학교,2024학년도 재능고 AI헬스케어학과 및 홍보부 홍보물품 구입,기기(PC·태블릿·전자칠판 등)
삼일고등학교,2024년 삼일고등학교 AI빅데이터사업 인터렉티브 미디어파사드 구매 입찰 공고,기기(PC·태블릿·전자칠판 등)
금광초등학교,2024년 금광초공간재구조화 스마트기가 구입(AI실물화상기),기기(PC·태블릿·전자칠판 등)
삼일고등학교,2024년 삼일고등학교 AI빅데이터사업 인터렉티브 미디어파사드 구매 입찰 공고,기기(PC·태블릿·전자칠판 등)
세경고등학교,2024학년도 2학기 1차 인공지능반도체과 실험실습 소모품 구입 계약,로봇·교구·키트
천안두정고등학교,2024년 인공지능교육 활성화 운영을 위한 플로우 협업툴 구입,SW·플랫폼(제품명 미상)
화성월문초등학교,2024학년도 화성월문초 에듀테크 활용 교육(물품) 계약,기기(PC·태블릿·전자칠판 등)
부산기계공업고등학교,2024학년도 AI특화교육 해외연수(싱가포르) 교육 운영,교육 프로그램·연수
성남정자초등학교,6학년 특색교육 AI체험교실 운영 계약,교육 프로그램·연수
모락중학교,2024학년도 2학년 인공지능 AI 프로그래밍 운영,교육 프로그램·연수
신진과학기술고등학교,신진과학기술고등학교 인공지능자동화과 도제학교 도제마인드 함양 연수 위탁 용역,교육 프로그램·연수
세경고등학교,2024학년도 교과연계 AI 마스터(스마트 모빌리티) 용역,교육 프로그램·연수
삼일고등학교,AI빅데이터 사업 폐기물 처리 용역,잡음
천안서여자중학교,인공지능 융합교육과정 이끎학교 운영,교육 프로그램·연수
강서고등학교,2학기 학생코딩 및 인공지능(AI)교육 강의,교육 프로그램·연수
부산기계공업고등학교,2024학년도 부산기계공고 AI특화교육 해외연수(싱가포르) 위탁 용역(수정),교육 프로그램·연수
백신초등학교,백신초등학교 AI복합놀이공간 조성 공사 폐기물처리,인프라(교실·설비)
백신초등학교,백신초등학교 AI복합놀이공간 조성 공사 기술지도,인프라(교실·설비)
평촌경영고등학교,체험형 AI행사 참여 차량 임차,교육 프로그램·연수
서울새솔초등학교,2024학년도 AI 활용 스마트교육(코딩) 계약,교육 프로그램·연수
동두천중학교,2024 동두천중학교 D-점-프 학생 축제 필요 장비(스포츠 AI문화체험) 설치대여,교육 프로그램·연수
인천인동초등학교,"인천인동초등학교 5,6학년 코딩교육 용역 계약",교육 프로그램·연수
인동초등학교,"인천인동초등학교 5,6학년 코딩교육 용역 계약",교육 프로그램·연수
신진과학기술고등학교,신진과학기술고등학교 인공지능자동화과 도제학교 도제마인드 함양 연수 위탁 용역,교육 프로그램·연수
세교고등학교,수학의 날 인공지능 연계 심화활동 운영 계약건,교육 프로그램·연수
인천남촌초등학교,남촌초 AI-Hub 운영 계약,교육 프로그램·연수
만덕초등학교,만덕초등학교 2024년도 AI맞춤형 온라인 학습 콘텐츠 계약,교육 프로그램·연수
삼현초등학교,"2024학년도 삼현초 3,4,6학년 에듀테크 교육 용역 계약",교육 프로그램·연수
서울천일초등학교,"2024학년도 5,6학년 코딩수업 용역계약",교육 프로그램·연수
서울삼선초등학교,(삼선초)2024학년도 AI교육 용역 계약,교육 프로그램·연수
삼일고등학교,AI 빅데이터 사업 집기 이전 용역 계약,교육 프로그램·연수
명학초등학교,코딩교육,교육 프로그램·연수
서울삼선초등학교,2024학년도 삼선초 AI교육 계획,교육 프로그램·연수
서울대명초등학교,2024 신나는 AI 교실 수업 계약,교육 프로그램·연수
수영초등학교,수영초 2024학년도 인공지능 체험주간 체험 용역 계약,교육 프로그램·연수
복창초등학교,2024학년 복창초 스마트 코딩교육(한교육) 계약,교육 프로그램·연수
덕화중학교,2024학년도 카이스트 AI 진로체험활동 위탁 용역 계약,교육 프로그램·연수
화성월문초등학교,2024년 화성월문초 에듀테크 활용 교육 계약,교육 프로그램·연수
한국디지털미디어고등학교,비즈쿨 인공지능 활용 창업체험 용역계약,교육 프로그램·연수
수도전기공업고등학교,전기에너지과 스마트 전기안전 AI센터,교육 프로그램·연수
화성월문초등학교,(변경)2024년 화성월문초 에듀테크 활용 교육 계약,교육 프로그램·연수
화홍중학교,화홍중학교 Chat GPT구입,제품:ChatGPT
거창대성고등학교,거창대성고 디지털 선도학교 미술교과 에듀테크 구입,기기(PC·태블릿·전자칠판 등)
성일고등학교,진로멘토와 함께하는 길찾기 프로젝트(생성형 AI를 이용한 코딩실습과 실생활 예측) 물품 구입,교육 프로그램·연수
의순초등학교,2024학년도 3분기 방과후학교 코딩 재료구입,기기(PC·태블릿·전자칠판 등)
부산기계공업고등학교,2024학년도 창의개발부 AI메이커실 실습재료 구입(6차) 소액수의(견적) 계약,교육 프로그램·연수
서울인공지능고등학교,2025학년도 서울인공지능고등학교 교복 구매 계약,잡음
광운인공지능고등학교,"2025학년도 광운인공지능고등학교 교복(동,하복) 학교주관 구매",잡음
용인성산초등학교,용인성산초 2024 코딩파티 Go Go 성산 꿈미래를 펼쳐라 레고 코딩 관련 물품 대여 및 구입 계약,로봇·교구·키트
세경고등학교,2024학년도 2학기 2차 인공지능반도체과 실험실습 소모품 구입 계약,기기(PC·태블릿·전자칠판 등)
주곡초등학교,2024학년도 주곡초등학교 창의인공지능 진로 체험,교육 프로그램·연수
동안고등학교,2024학년도 동안고등학교 기술 AI 실습 물품 구입 계약,기기(PC·태블릿·전자칠판 등)
인평자동차고등학교,디지털 교육혁신 선도학교 운영을 위한 에듀테크 구입 계약,교육 프로그램·연수
광운인공지능고등학교,광운인공지능고등학교 2025학년도 체육복 학교 주관 구매,기기(PC·태블릿·전자칠판 등)
원주의료고등학교,원주의료고고등학교 AI머신비전 및 IoT헬스케어 실습장비 구매,기기(PC·태블릿·전자칠판 등)
운천고등학교,운천고 학생 근골격계 AI 검사기 구입,기기(PC·태블릿·전자칠판 등)
곤지암초등학교,"변전실 수배전반자재(AISS, ACB)구입",기기(PC·태블릿·전자칠판 등)
능곡초등학교,능곡초 AI상상놀이터 물품 구입,기기(PC·태블릿·전자칠판 등)
서천중학교,2024학년도 3학년 AI진로탐색 교재 구입 계약,교육 프로그램·연수
세종초등학교,가치를 높이는 아이더함(AI-더불어함께) 물품 구입,기기(PC·태블릿·전자칠판 등)
백신초등학교,백신초등학교 AI복합놀이공간 조성 공사 폐기물처리 변경계약(완수정산),인프라(교실·설비)
위례중앙초등학교,위례중앙초 5학년 에듀테크활용 역사탐방 차량임차 용역,교육 프로그램·연수
평택청아초등학교,2024학년도 평택청아초등학교 AI와 함께하는 마법축제 부스 체험 용역,교육 프로그램·연수
장평초등학교,2024. 2학기AI맞춤형 온라인 학습콘텐츠 사용 용역,교육 프로그램·연수
천안새샘중학교,천안새샘중학교 인공지능 체험 차량 임차 용역 계약,교육 프로그램·연수
한내초등학교,2024년 한내초등학교 미래채움 AI교육 주간 운영 용역 계약,교육 프로그램·연수
초평초등학교,초평초등학교 연구학교 AI교수학습모델 수업 영상 제작 계약,교육 프로그램·연수
서울석계초등학교,2024학년 서울석계초등학교 AI 수업 위탁 용역 계약,교육 프로그램·연수
서도고등학교,2024학년도 찾아가는 인공지능 수학 운영 물품 구입,교육 프로그램·연수
상품초등학교,상품초 에듀테크 운동회 및 심화학습 운영,교육 프로그램·연수
삼일고등학교,AI 빅데이터 사업 전기 통신 이전 용역 계약,교육 프로그램·연수
인덕과학기술고등학교,2024학년도 AI 디지털 활용 수업방법 개선 및 디지털 역량강화를 위한 수업콘서트 교직원 워크숍 용역 계약,인프라(교실·설비)
천안서당초등학교,천안서당초 AI방탈출 버스 체험운영 용역,교육 프로그램·연수
기안중학교,기안중학교 2024학년도 2학년 진로체험(이미지코딩 인공지능체험),교육 프로그램·연수
서천고등학교,2024년도 교육정보부 AI로 그리는 꿈 운영 용역 계약,교육 프로그램·연수
인천연송고등학교,2024학년도 1학년 인공지능 진로체험활동 차량 임차 계약,교육 프로그램·연수
구미문성초등학교,2024년 코딩& AI 교육 인터넷 수강 계약,교육 프로그램·연수
칠보초등학교,2024학년도 AI 교육 체험 용역 계약,교육 프로그램·연수
양영디지털고등학교,[AI네트워크]학과 재구조화 교사연수,교육 프로그램·연수
대평중학교,2024학년도 대평중학교 3학년 AI챗봇 만들기 운영 계약,교육 프로그램·연수
덕화중학교,"2024학년도 창의적 체험활동 동아리(AI수학탐구반,창의톡톡 메이커반) 차량 임차 용역 계약",교육 프로그램·연수
대정초등학교,대정초등학교 2024년 에듀테크 활용 원격회상영어 과정 운영,교육 프로그램·연수
초평초등학교,연구학교 AI연계 교육과정(AI해커톤 페스티벌)영상 제작 용역 계약,교육 프로그램·연수
은진초등학교,2024 은진초 느티꿈나무 은진교육 한마당 AI부스 체험행사 용역 계약,교육 프로그램·연수
현대중학교,2024학년도 2학년 자율활동 인공지능 코딩수업 용역 계약,교육 프로그램·연수
송곡초등학교,2024학년도 송곡초 AI동아리 진로체험 차량 임차,교육 프로그램·연수
정신여자고등학교,2024학년도 정신여자고등학교 에듀테크(밀리의서재) 구매,제품:밀리의서재
세경고등학교,2024학년도 AI 커리어 라이징(모빌리티 네트워크)교육 계약,교육 프로그램·연수
정신여자고등학교,2024학년도 정신여자고등학교 에듀테크(밀리의서재) 구매,제품:밀리의서재
세종과학예술영재학교,2025학년도 KAIST 심층면접 참가 차량 임차,교육 프로그램·연수
심인중학교,2024학년도 디지털 선도학교 운영 국어과 AI 용역,교육 프로그램·연수
심인중학교,2024학년도 디지털 선도학교 수업 운영 에듀테크 및 AI 용역,교육 프로그램·연수
경일관광경영고등학교,미래역량 강화사업 전교생 인공지능 기초 특강 용역,교육 프로그램·연수
영선중학교,2024학년도 에듀테크 시범학교 수업 사례집 출판 계약,교육 프로그램·연수
원주의료고등학교,2024학년도 AI기반 미래역량강화를 위한 신기술 중점 교직원 연수 운영 위탁 용역,교육 프로그램·연수
영선중학교,2024학년도 에듀테크 시범학교 수업 영상 촬영 용역,교육 프로그램·연수
조암중학교,2024학년도 3학년 진로학기 AI 디지털 분야 진로체험 용역 계약,교육 프로그램·연수
명학초등학교,코딩교육,교육 프로그램·연수
대평중학교,2024학년도 대평중학교 3학년 AI챗봇 만들기 운영 계약,교육 프로그램·연수
서울고은초등학교,2024학년도 고은초 코딩교육,교육 프로그램·연수
매탄중학교,매탄중 3학년 진로연계교육과정(AI융합교육) 체험 활동 용역 계약,교육 프로그램·연수
조암중학교,2024학년도 3학년 진로학기 AI 디지털 분야 진로체험 용역 변경 계약,교육 프로그램·연수
세경고등학교,"2024학년도 AI 커리어 라이징(AI 유니버스, AI 모션 트랙킹)교육",교육 프로그램·연수
광주중학교,2024 광주중 창체 진로활동 다재다능한 AI체험 운영 계약,교육 프로그램·연수
안양여자고등학교,학교자율과정 파이썬 코딩 교육,교육 프로그램·연수
원주의료고등학교,2024학년도 인공지능 역량강화 연수 운영 용역,교육 프로그램·연수
용인신촌중학교,2024학년도 1학년 교과연계 인공지능 기술 진로체험활동 계약,교육 프로그램·연수
태장중학교,태장중학교 디지털 선도학교 코딩 체험 교육,교육 프로그램·연수
양지고등학교,2024학년도 양지고등학교 교육과정 평가 및 AI선도학교 교직원 연수 차량 운행 용역,교육 프로그램·연수
영선고등학교,2024 에듀테크 시범학교 수업사례집 제작,교육 프로그램·연수
송원중학교,송원중 AI 정보화실 내부비품 이동 및 재배치 용역 계약,교육 프로그램·연수
분당아람고등학교,"1,2학년 취업인재반 중소기업이해 및 AI활용 콘텐츠 제작 연수",교육 프로그램·연수
대구일마이스터고등학교,학생 AI역량검사 운영 용역 계약체결,교육 프로그램·연수
둔전초등학교,2024학년도 둔전초 AI 브레인스쿨 운영 계약,교육 프로그램·연수
인천연학초등학교,인천연학초 본관 승강기 부품(MAIN INVERTER ASY) 교체,기기(PC·태블릿·전자칠판 등)
화산중학교,화산중학교 IB중점 에듀테크 활용 연수,교육 프로그램·연수
무안고등학교,무안고 겨울방학 중 AI멘토링스쿨 위탁 용역,교육 프로그램·연수
세교고등학교,[AI· 정보교육중심학교] 인공지능 교실 운영 계약,교육 프로그램·연수
경일관광경영고등학교,AI세무회계과 신입생 홍보 물품(달력) 제작 ,교육 프로그램·연수
예산전자공업고등학교,마이스터고 개교 준비를 위한 Air Cleaning System 구입계약,기기(PC·태블릿·전자칠판 등)
천안삼거리초등학교,천안삼거리초등학교 학교공간혁신 감성꿈틀 모션코딩 물품 구입,기기(PC·태블릿·전자칠판 등)
경일관광경영고등학교,AI문화콘텐츠과 홍보용 카타로그 제작 ,교육 프로그램·연수
경일관광경영고등학교,경일관광경영고 학과재구조화 AI세무회계과 버튜버 실습 장비 구매 ,기기(PC·태블릿·전자칠판 등)
율면초등학교,2025년 실과교과 및 에듀테크 학습물품 구매 계약,기기(PC·태블릿·전자칠판 등)
광주중앙고등학교,광주중앙고 에듀테크 활용 수업용 스마트솔루션 구입,교육 프로그램·연수
부천공업고등학교,2024학년도 산학일체형 도제학교 인공지능자동차과 학생 역량 강화 연수 ,교육 프로그램·연수
영선고등학교,2024 에듀테크 시범학교 수업사례집 제작,교육 프로그램·연수
용마초등학교,옥외 변전실 고장구간 자동개폐기(AISS)수리,기기(PC·태블릿·전자칠판 등)
용마초등학교,옥외 변전실 고장구간 자동개폐기(AISS)수리,기기(PC·태블릿·전자칠판 등)
초월초등학교,초월초등학교 변전실 AISS교체 용역 계약,기기(PC·태블릿·전자칠판 등)
봉래초등학교,2024. AI 맞춤형 온라인 학습콘텐츠 이용 계약,교육 프로그램·연수
현대중학교,2025학년도 2학년 자율 진로활동 에듀테크 코딩수업 용역 계약,교육 프로그램·연수
숭의초등학교,2025학년도 숭의초등학교  MODI와 함께하는 코딩 교실 운영 계약,제품:MODI
용북중학교,2025년 용북중학교 IB특화 구글 에듀테크 워크샵 특강 계약,교육 프로그램·연수
광운인공지능고등학교,광운인공지능고등학교 2025학년도 미화 용역 계약,잡음
숭의초등학교,2025학년도 숭의초등학교  MODI와 함께하는 코딩 교실 운영 계약,제품:MODI
용성초등학교,코딩 방과후 수업,교육 프로그램·연수
세종미래고등학교,2025학년도 학과 교육과정 안내 홍보용 챗봇 운영 용역,교육 프로그램·연수
서울삼선초등학교,2025학년도 AI 교육 계약,교육 프로그램·연수
현산초등학교,2025. AI 맞춤형 온랄인 학습콘텐츠 지원 용역 계약,교육 프로그램·연수
현산초등학교,2025. AI 맞춤형 온라인 학습콘텐츠 지원 용역 계약,교육 프로그램·연수
서라벌고등학교,서라벌고등학교 1학년 1학기 공통수학1 AI교과서 용역계약,교육 프로그램·연수
서라벌고등학교,서라벌고등학교 1학년 1학기 공통영어1 AI교과서 용역계약,교육 프로그램·연수
서라벌고등학교,서라벌고등학교 1학년 1학기 정보 AI교과서 용역계약,교육 프로그램·연수
갈곡초등학교,"2025학년도 AI창의데이 행사(1,2,6학년) 체험 용역 계약",교육 프로그램·연수
갈곡초등학교,"2025학년도 갈곡초등학교 AI창의데이 체험행사(3,4,5학년) 용역 계약",교육 프로그램·연수
월산초등학교,2025. AI맞춤형 온라인 학습콘텐츠 용역,교육 프로그램·연수
용인홍천고등학교,e대학+AI학종 계약,교육 프로그램·연수
의정부청룡초등학교,2025학년도 정보교육을 위한 에듀테크(투닝) 구매,제품:투닝
청계북초등학교,2025학년도 청게북초등학교 AI 맞춤형 온라인 학습콘텐츠 용역 계약,교육 프로그램·연수
청계북초등학교,2025학년도 청계북초등학교 AI 맞춤형 온라인 학습콘텐츠 용역 계약,교육 프로그램·연수
광성고등학교,2025학년도 AI 디지털 용역 계약,교육 프로그램·연수
광성고등학교,2025학년도 AI 디지털 용역 계약(영어),교육 프로그램·연수
작천초등학교,AI 맞춤형 온라인 학습 콘텐츠 용역,교육 프로그램·연수
대구소프트웨어마이스터고등학교,2025학년도 AI역량검사 솔루션 개발 위탁 용역,교육 프로그램·연수
청계북초등학교,2025학년도 청계북초등학교 AI 맞춤형 온라인 학습콘텐츠 용역 변경 계약,교육 프로그램·연수
판교고등학교,인공지능을 활용한 창의성 개발프로젝트 운영 용역 계약,교육 프로그램·연수
성남초등학교,2025년도 디지털AI 학생 맞춤형 수업 운영 용역 계약,교육 프로그램·연수
김포호수초등학교,2025학년도 김포호수초 6학년  코딩수업 운영 용역 계약,교육 프로그램·연수
동보초등학교,2025학년도 학생 미래역량 강화 AI교육 운영 계약,교육 프로그램·연수
양영디지털고등학교,[학과재구조화]AI네트워크과 학과재구조화 홍보 물품 구입,기기(PC·태블릿·전자칠판 등)
인천정각초등학교,2025년도 AI. 디지털교육을 위한 물품 계약,교육 프로그램·연수
풍무고등학교,풍무고 수업 및 평가활용 chat GPT 이용권 구입,제품:ChatGPT
세종초등학교,2025학년도 여주형 미래교육 AI수업 운영 계획에 따른 업체 활용 재료비 구입,교육 프로그램·연수
세경고등학교,2025학년도 인공지능반도체과 1학기 1차 실험실습 소모품,SW·플랫폼(제품명 미상)
발곡초등학교,2025학년도 발곡초 코딩물품(기본패키지 외) 구매 ,기기(PC·태블릿·전자칠판 등)
세종초등학교,2025학년도 여주형 미래교육 AI수업 운영 계획에 따른 업체 활용 재료비 구입,교육 프로그램·연수
서울위례초등학교,서울위례초 AI 스마트건강관리교실 체헝측정기 구입,기기(PC·태블릿·전자칠판 등)
광정초등학교,2025학년도 광정초 에듀테크도구(투닝)구입 ,제품:투닝
서울위례초등학교,서울위례초 AI 스마트 건강관리교실 물품(스마트줄넘기 외 6종) 구입,기기(PC·태블릿·전자칠판 등)
전주공업고등학교,전주공고 AiDr. CAFE 머신엔지니어 창업동아리 활동을 위한 물품 구입,기기(PC·태블릿·전자칠판 등)
한빛누리중학교,한빛누리중학교 전문적학습공동체 수업연구 및 실천을 위한 에듀테크 구입,교육 프로그램·연수
대구팔공중학교,2025학년도 대구팔공초등학교 디지털 기반 교육혁신 선도학교 AI기반 디지털 학습 콘텐츠 구매 계약,교육 프로그램·연수
광주경신여자고등학교,2025. 광주경신여자고등학교 AI교과서(정보2학기) 구매 계약,기기(PC·태블릿·전자칠판 등)
부곡중앙초등학교,2025학년도 부곡중앙초병설유치원 언플러그드 코딩 활동지 구입 계약,기기(PC·태블릿·전자칠판 등)
안양여자고등학교,2025년 인공지능 활용 진로탐색 워크북 구입,교육 프로그램·연수
세경고등학교,2025학년도 세경고등학교 인공지능반도체과 2차 실험실습 소모품 구입 소액수의 공고,기기(PC·태블릿·전자칠판 등)
대구경동초등학교,2025학년도 디지털 기반 맞춤교육 연구학교 에듀테크 구동,교육 프로그램·연수
전북인공지능고등학교,전북인공지능고등학교 학교공간조성사업 촉진자 수행용역,인프라(교실·설비)
동두천중학교,2025 학생 미래역량강화 지역사회연계 레고코딩 동아리 운영비,로봇·교구·키트
서울대신초등학교,2025학년도 AI융합교육 위탁 용역 계약,교육 프로그램·연수
서울면일초등학교,2025학년도 면일초 스마트코딩교육 용역 계약,교육 프로그램·연수
대구반도체마이스터고등학교,2025학년도 대구반도체마이스터고등학교 AI역량 검사 운영 관련 용역 계약,교육 프로그램·연수
의정부청룡초등학교,2025학년도 정보교육을 위한 에듀테크(자작자작) 구매 ,제품:자작자작
진월초등학교,2025학년도  AI 맞춤형 온라인 학습콘텐츠 이용 계약,교육 프로그램·연수
오현초등학교,2025학년도 AI 과학의 날 행사 용역계약,교육 프로그램·연수
세종초등학교,2025학년도 세종초등학교 여주형 미래교육 AI수업 운영 교육,교육 프로그램·연수
신창중학교,신창중학교 인공지능 스마트사업 온라인 수강권 구입,교육 프로그램·연수
한천초등학교,2025년 AI 맞춤형 온라인 학습 콘텐츠 사용 계약,교육 프로그램·연수
장기초등학교,장기초등학교 2025학년도 솔내 AI데이 운영 용역 계약,교육 프로그램·연수
대구동일초등학교,수성구청 교육경비 보조금 코딩 수업 위탁 용역 계약,교육 프로그램·연수
약수초등학교,2025년 약수초등학교 AI맞춤형 온라인 학습콘텐츠 활용,교육 프로그램·연수
석현초등학교,2025년도 석현초 에듀테크 체험전 운영 ,교육 프로그램·연수
장평초등학교,2025년 AI 맞춤형 온라인 학습 콘텐츠 용역 ,교육 프로그램·연수
천태초등학교,2025. AI맞춤형 온라인 학습콘텐츠 지원,교육 프로그램·연수
추자초등학교,2025학년도 추자초 인공지능 활용 스마트학습 전교생 온라인 수강권(스마트올) 위탁 용역,제품:스마트올
김녕초등학교,[동복] 2025학년도 인공지능(AI) 활용 스마트학습 운영 위탁 용역,교육 프로그램·연수
동춘천초등학교,2025년 AI맞춤형 온라인 학습콘텐츠 지원 위탁 용역 계약,교육 프로그램·연수
문척초등학교,2025학년도 AI맞춤형 학습콘텐츠 지원 용역 계약 체결,교육 프로그램·연수
포담초등학교,2025학년도 디지털AI 과학의날 축제 용역,교육 프로그램·연수
미래산업과학고등학교,미래유망분야 인공지능콘첸츠과 교원연수계획보고,교육 프로그램·연수
미래산업과학고등학교,미래유망 인공지능콘텐츠과 학생연수 계약,교육 프로그램·연수
현화고등학교,수업 설계 및 운영을 위한 에듀테크 계정 사용 계약,교육 프로그램·연수
용인한빛중학교,2025학년도 용인한빛중학교 신산업분야 IOT 인공지능 코딩 진로 체험 용역 계약,교육 프로그램·연수
상무고등학교,2025학년도 1학기 AI디저털교과서(공통영어) 계약,교육 프로그램·연수
광성고등학교,2025학년도 AI 디지털 용역 계약,교육 프로그램·연수
의정부신곡초등학교,2025학년도 의정부신곡초등학교 디지털 창의역량교육 실천 ‧에듀테크미래교육사업교 AI 디지털 활용 수업 용역 계약,교육 프로그램·연수
군포신기초등학교,2025학년도 군포신기초등학교 교과특성화 코딩교육 계약,교육 프로그램·연수
서울특별시교육청해성여자고등학교,2025년 인공지능 기초 교과 및 동아리 해커톤 운영,교육 프로그램·연수
잠원중학교,1학년 AI 진로체험 위탁 용역 계약,교육 프로그램·연수
지산고등학교,2025학년도 지산고 코딩교실 및 데이터사이언스 체험활동 운영 계약 ,교육 프로그램·연수
동일미래과학고등학교,디지털기반학생맞춤형교육선도학교 에듀테크(윌라) 이용 계약,제품:윌라
휘경여자고등학교,"2025학년도 공학아카데미(인공지능,코딩교실)운영 용역",교육 프로그램·연수
전북인공지능고등학교,전북인공지능고등학교 학교공간조성사업 촉진자 수행용역,인프라(교실·설비)
수청중학교,수청중학교 충남 AI코딩 창의력 한마당 참여 임차 용역,교육 프로그램·연수
수원하이텍고등학교,2025학년도 AI 반도체 설계 위탁교육 용역 계약,교육 프로그램·연수
송원고등학교,송원고등학교 AI활용 진로비전 디자인 특강 계약,교육 프로그램·연수
천안용암초등학교,2025학년도 AI융합교육 부스 운영 계약,교육 프로그램·연수
임진초등학교,[임진초]2025학년도 1학년 디지털 리터러시 코딩 위탁 교육 계약,교육 프로그램·연수
서울언북초등학교,서울언북초등학교 2025학년도 5학년 AI 디지털 교육,교육 프로그램·연수
광주경신여자고등학교,2025. 광주경신여자고등학교 AI교과서(공통수학1) 구매 계약,교육 프로그램·연수
광주경신여자고등학교,2025. 광주경신여자고등학교 AI교과서(공통영어1) 구매 계약,교육 프로그램·연수
광주경신여자고등학교,2025. 광주경신여자고등학교 AI교과서(정보1) 구매 계약,교육 프로그램·연수
우도중학교,2025학년도 우도초등학교 인공지능(AI) 활용 스마트학습 위탁 용역,교육 프로그램·연수
덕화중학교,2025학년도 인공지능 디지털 진로체험활동 포스텍 캠퍼스 투어 용역 계약,교육 프로그램·연수
동오초등학교,2025학년도 에듀테크 미래교육 운영,교육 프로그램·연수
효원초등학교,2025학년도 효원초 AI 미래교육 운영 계약,교육 프로그램·연수
서울동원초등학교,2025 AI 코딩교육 용역 계약,교육 프로그램·연수
여강중학교,여강중학교 AI 부스운영 물품 설치,교육 프로그램·연수
여주여자중학교,여주여중 에듀테크 활용 팀빌딩,교육 프로그램·연수
오학초등학교,오학초등학교 1학년 언플러그 코딩 활동 체험 용역 계약,교육 프로그램·연수
서울새솔초등학교,2025 학교특색활동과 연계한 AI활용 스마트 코딩 교육 용역비,교육 프로그램·연수
수도전기공업고등학교,전기에너지과 스마트 전기안전 AI센터 체험 버스 용역,교육 프로그램·연수
정산중학교,정산중학교 2025학년도 창의인성융합 인공지능 체험교육 차량 임차용역,교육 프로그램·연수
상품초등학교,상품초 에듀테크 한마당 체험계약,교육 프로그램·연수
신장중학교,2025년도 1학년 6월 진로탐색활동(인공지능) 용역 ,교육 프로그램·연수
동명여자고등학교,2025학년도 1학기 공통수학1 AI 교과서 구입,교육 프로그램·연수
경북공업고등학교,2025년도 AI시대 산업트랜드 변화 및 교직원 관점에서 바라보는 신산업과 중소기업 이해연수,교육 프로그램·연수
분당경영고등학교,인공지능개발과 및 학교 홍보를 위한 영상 제작 용역 계약,교육 프로그램·연수
동명여자고등학교, 2025학년도 1학기 공통영어1 AI 교과서 구입,교육 프로그램·연수
하남풍산초등학교,2025 5학년 학교자율과제(인성부문) 에듀테크 교육 체험 계,교육 프로그램·연수
와부고등학교,자율형공립고 2.0 AI 디지털 진로체험의 날 운영 용역,교육 프로그램·연수
오학초등학교,오학초등학교 2학년 미래교육협력지구 이야기디지털 오조봇과 코딩놀이,제품:오조봇
세경고등학교,2025년 경기 콘텐츠 창의학교 물품 구입(AI Rising 프로젝트) 계약,기기(PC·태블릿·전자칠판 등)
부곡중앙초등학교,2025학년도 부곡중앙초병설유치원 언플러그드 코딩 활동지 구입 변경 계약,기기(PC·태블릿·전자칠판 등)
안산서초등학교,에듀테크 교육 모델학교 과학실 비품 구입 계약,교육 프로그램·연수
광운인공지능고등학교,광운인공지능고 탐구관 운동부 시설개선 기계설비 관급물품 구입,기기(PC·태블릿·전자칠판 등)
한가람초등학교,한가람초 AI 미래누리실 조성을 위한 물품 구입,인프라(교실·설비)
서울삼육중학교,서울삼육중학교 ai 건강관리교실 운동기구 물품 구입,기기(PC·태블릿·전자칠판 등)
세경고등학교,세경고 2025학년도 인공지능반도체과 2학기 1차 실험실습재료 구입,기기(PC·태블릿·전자칠판 등)
모락중학교,미래교육 생성형 인공지능 에듀테크 상품 구입,교육 프로그램·연수
춘양초등학교,춘양초 2025. AI 맞춤형 온라인 학습콘텐츠 구매,기기(PC·태블릿·전자칠판 등)
토평고등학교,토평고 액션볼링캠AI 솔루션 일체 구매,제품:액션볼링캠AI
한가람초등학교,AI미래누리실 물품 구입 계약 (키오스크),기기(PC·태블릿·전자칠판 등)
전북인공지능고등학교,전북인공지능고등학교 수변전시설 교체 관급자재 구매,기기(PC·태블릿·전자칠판 등)
조종고등학교,조종고등학교 학교운동부 물품(액션 볼링캠AI) 구입,제품:액션볼링캠AI
광운인공지능고등학교,광운인공지능고등학교 AI센터 전광판 구입 설치,기기(PC·태블릿·전자칠판 등)
목암중학교,목암중학교 2025 지역과 함께하는 4차산업 프로젝트 인공지능 교육 용역계약,교육 프로그램·연수
태안여자중학교,태안인공지능체험교육센터 체험교육 차량 임차 용역,교육 프로그램·연수
분당경영고등학교,[재구조화] 인공지능개발과 체험을 위한 중학교 임차 버스 용역 계약,교육 프로그램·연수
하남풍산초등학교,2025 3학년 학교자율과제(인성부문) 에듀테크 교육 체험 계약,교육 프로그램·연수
배방고등학교,2025학년도 KAIST 캠퍼스 투어 차량 임차,교육 프로그램·연수
대정초등학교,대정초등학교 2025학년도 에듀테크 활용 원격화상영어 과정 운영,교육 프로그램·연수
보정고등학교,인공지능 프로그래밍 특강 용역 계약,교육 프로그램·연수
이화초등학교,이화초 공동늘봄학교 여름방학 AI 체험축제 행사용역,교육 프로그램·연수
대지고등학교,2025년 1학기 학교자율과정(인공지능 집중과정) 운영 계약,교육 프로그램·연수
오학초등학교,오학초등학교3학년 미래교육 학교자율과제 언플러그 코딩 수업 용역 계약,교육 프로그램·연수
동일미래과학고등학교,AI신기술 미래역량 강화 교직원 하계 워크숍 운송 용역 계약,교육 프로그램·연수
관산초등학교,2025 관산초 에듀테크 페스티벌 운영 계약,교육 프로그램·연수
금산고등학교,Intel SFI 활용을 통한 교과별 인공지능 교육 역량 신장 교사 연수  위탁 용역,교육 프로그램·연수
성남여자고등학교,성남여자고등학교 타임리GPT 이용 계약,제품:타임리GPT
천안서여자중학교,충남형 AI융합교육과정 이끎학교 운영 체험 건,교육 프로그램·연수
천안서여자중학교,충남형 AI융합교육과정 이끎학교 운영 차량 임차 건 ,교육 프로그램·연수
동두천중학교,2025 동두천중 학생자치 축제 AI체험부스 물품 대여,교육 프로그램·연수
판교고등학교,2025학년도 1학년 인공지능 미래학교 문제해결 프로젝트 운영을 위한 용역 계약 체결,교육 프로그램·연수
안양서중학교,2025년 안양서중 AI 정보교육 중심학교(거점교) 탐방 차량 임차 용역 계약,교육 프로그램·연수
명학초등학교,2025년도 코딩교육,교육 프로그램·연수
고촌고등학교,고촌고등학교 정신건강 AI 키오스크 ‘위로미(Weromy)’ 렌탈 계약,제품:위로미
동구초등학교,2025학년도 디지털AI교육주간 운영 용역 계약 ,교육 프로그램·연수
청대초등학교,청대초 AI동화책 제작,교육 프로그램·연수
한솔고등학교,2025학년도 피지컬 코딩 아카데미 운영,교육 프로그램·연수
갑룡초등학교,AI디지털 클러스터 거점학교 체험교육 차량임차,교육 프로그램·연수
학남고등학교,2025학년도 학남고등학교 AI 융합 코딩 체험 프로젝트 운영 교육 위탁 용역 ,교육 프로그램·연수
인천인동초등학교,인천인동초등학교 2025학년도 6학년 디지털데이 코딩교육 용역 계약 ,교육 프로그램·연수
미림마이스터고등학교,"2026학년도 서울특별시교육청 교육감 인정도서(인공지능 파이썬 기초, 실무) 개발 용역",교육 프로그램·연수
하남풍산초등학교,2025 6학년 학교자율과제(인성부문) 에듀테크 교육 체험 계약,교육 프로그램·연수
수도전기공업고등학교,에너지전자제어과 스마트 전기안전 AI센처 체험 버스 용역,교육 프로그램·연수
장평초등학교,2025. AI맞춤형 온라인 학습콘텐츠 교육,교육 프로그램·연수
청미르초등학교,2025학년도 청미르초등학교 CCTV(인공지능) 및 근태관리 유지 용역 계약,기기(PC·태블릿·전자칠판 등)
대구청라중학교,대구청라중학교  AI체험 활동 차량 임차 계약,교육 프로그램·연수
서울전농초등학교,2025학년도 4학년 스파이크 에센셜 활용 코딩 교육,교육 프로그램·연수
평택청아초등학교,2025학년도 평택청아초 AI 페스티벌 체험기기 대여 및 운영,교육 프로그램·연수
수도전기공업고등학교,에너지전자제어과 한빛 원자력 발전소 및 스마트 전기안전 AI센터 체험 버스 용역,교육 프로그램·연수
동명여자고등학교, 2025학년도 1학기 공통영어1 AI 교과서 구입,교육 프로그램·연수
동명여자고등학교,2025학년도 1학기 공통수학1 AI 교과서 구입,교육 프로그램·연수
서라벌고등학교,서라벌고등학교 1학년 1학기 공통영어1 AI교과서 용역계약,교육 프로그램·연수
서라벌고등학교,서라벌고등학교 1학년 1학기 공통수학1 AI교과서 용역계약,교육 프로그램·연수
서라벌고등학교,서라벌고등학교 1학년 1학기 정보 AI교과서 용역계약,교육 프로그램·연수
초평초등학교,2025학년도 초평초 AI프로젝트발표회 영상촬영 용역 계약,교육 프로그램·연수
광성고등학교,2025학년도 AI 디지털 용역 계약,교육 프로그램·연수
광성고등학교,2025학년도 AI 디지털 용역 계약(영어),교육 프로그램·연수
하남풍산초등학교,2025 2학년 자율과제 에듀테크 교육 언플러그드 코딩 체험 ,교육 프로그램·연수
별가람중학교,2025학년도 1학년 진로체험(다재다능한 AI체험) 운영 용역 계약,교육 프로그램·연수
내황초등학교,내황초 교육활동 'AI 올림픽' 교육 물품 운영(대여) 계약,교육 프로그램·연수
영선중학교,2025학년도 에듀테크 시범학교 수업 사례집 출판 계약,교육 프로그램·연수
도제원초등학교,2025학년도 2학기 도제원초등학교 AI 디지털교육자료 구매 계약(영어),SW·플랫폼(제품명 미상)
도제원초등학교,2025학년도 2학기 도제원초등학교 AI 디지털교육자료 구매 계약(수학),SW·플랫폼(제품명 미상)
송탄고등학교,송탄고등학교 볼링 훈련장비(액션볼링캠 AI 솔루션) 구입,제품:액션볼링캠
광운인공지능고등학교,"광운인공지능고등학교 2026학년도 교복(동,하복) 학교주관 구매",잡음
서울인공지능고등학교,2026학년도 서울인공지능고등학교 교복 구매 계약,잡음
영도제일중학교,2025학년도 2학기  AI 디지털 교육자료 구입(미래엔),제품:미래엔
양산인공지능고등학교,"2026학년도 양산인공지능고등학교 교복(동복,하복) 학교주관구매 계약",잡음
경민IT고등학교,인공지능 프로그래밍 및 HOT-TETRIX Education SET 구입(의료데이터과),로봇·교구·키트
양산인공지능고등학교,"2026학년도 양산인공지능고등학교 교복(동복,하복) 학교주관구매 계약",잡음
분당아람고등학교,분당아람고 에듀테크 도구(타임리 GPT 크레딧) 구매,제품:타임리
장훈고등학교,장훈고등학교 축구부 전력 분석용 AI 카메라 구입,SW·플랫폼(제품명 미상)
퇴계원초등학교,2025학년도 2학기 AI 디지털교육자료 사용료 계약,교육 프로그램·연수
탄벌중학교,탄벌중학교 2025학년도 2학기 AI 디지털교육자료 사용 계약,교육 프로그램·연수
원종초등학교,2025학년도 2학기 AI 디지털교육자료 구매 계약,SW·플랫폼(제품명 미상)
오현초등학교,2025학년도 수원 오현초 AI 체험의 날 운영 용역 계약,교육 프로그램·연수
울산중앙초등학교,행복플러스 체험활동 - AI 체험부스 운영,교육 프로그램·연수
대전외국어고등학교,2025학년도 프랑스 생 조제프(Saint Joseph) 고등학교 방한 교류활동 차량임차 계약,잡음
한빛누리중학교,한빛누리중학교 전문적학습공동체 수업연구 및 실천을 위한 에듀테크(ZEP맵) 제작 구입,제품:젭(ZEP)
백산중학교,백산중학교 IB 유닛 및 에듀테크 컨설팅 용역,교육 프로그램·연수
상무고등학교,2025학년도 1학기 AI디저털교과서(공통영어) 계약,교육 프로그램·연수
오학초등학교,코딩 놀이 체혐 용역 계약,교육 프로그램·연수
여양중학교,2025. 여양중 에듀테크 온 창의융합 학생동아리 경진대회 차량 임차용역,교육 프로그램·연수
복자여자고등학교,2025년 AI체험한마당 AI체험부스 위탁 용역,교육 프로그램·연수
청미르초등학교,2025학년도 청미르초등학교 CCTV(인공지능) 및 근태관리 유지 용역 변경 계약,잡음
여주초등학교,여주초 2025학년도 AI와 함께하는 에듀테크 운영 계약,교육 프로그램·연수
인천간재울초등학교,2025학년도 2학기 AI 디지털교육자료 서비스 용역 계약,교육 프로그램·연수
세륜중학교,2025학년도 진로의 날 2학년 스타트업 AI 강의 및 재료비 계약,교육 프로그램·연수
부여고등학교,2025학년도 AI미래기술 체험,교육 프로그램·연수
금산하이텍고등학교,2025 중소기업이해 및 디지털(AI) 분야 취업역량 강화 연수 운영 용역,교육 프로그램·연수
광주경신여자고등학교,2025. 광주경신여자고등학교 AI교과서(공통수학1) 구매 계약,SW·플랫폼(제품명 미상)
광주경신여자고등학교,2025. 광주경신여자고등학교 AI교과서(공통영어1) 구매 계약,SW·플랫폼(제품명 미상)
산본초등학교,산본초 2025학년도 2학기 AI디지털교육자료 계약,교육 프로그램·연수
수도전기공업고등학교,에너지정보통신과 스마트 전기안전 AI센처 체험 버스 용역,교육 프로그램·연수
광주경신여자고등학교,2025. 광주경신여자고등학교 AI교과서(정보1) 구매 계약,SW·플랫폼(제품명 미상)
광주경신여자고등학교,2025. 광주경신여자고등학교 AI교과서(정보1) 구매 계약,SW·플랫폼(제품명 미상)
기안중학교,2025학년도 2학년 진로체험(이미지코딩 인공지능체험) 운영,교육 프로그램·연수
행신고등학교,행신고등학교 2025년 졸업예정자 사회진출 역량개발사업 AI진로 역량 개발 체험 외부 위탁 용역 계약,교육 프로그램·연수
새뜸초등학교,새뜸초등학교 AI 체험의 날 운영 용역 계약,교육 프로그램·연수
새솔초등학교,새솔초등학교 디지털 AI나눔 페스티벌 운영 용역 계약,교육 프로그램·연수
하남풍산초등학교,2025 4학년 학교자율과제(인성부문) 에듀테크 교육 체험 계약,교육 프로그램·연수
대경생활과학고등학교,2025년 미래역량 AI 교육 및 2025년 취업강화 진로교육 계약의 건,교육 프로그램·연수
경기국제통상고등학교,2025년 대한민국 AI 교육 페스티벌 참가 차량 임차 계약 ,교육 프로그램·연수
부설초등학교,2025학년도 행복부설 늘봄학교 미래기술 교육 AI 체험부스 운영,교육 프로그램·연수
천안서여자중학교,충남형 인공지능 중학교 운영 차량 임차 건,교육 프로그램·연수
여주중학교,여주중학교 디지털기반학생맞춤교육선도학교 관련 찾아가는 AI올림픽 행사 물품 대여 계약,교육 프로그램·연수
세종과학예술영재학교,2026학년도 KAIST 심층면접 참가 차량 임차,AI 면접시스템
조암중학교,2025학년도 3학년 진로학기 AI 디지털분야 진로체험 용역 계약,교육 프로그램·연수
김포고등학교,김포고 2025학년 전공설계프로젝트(인공지능) 운영,인프라(교실·설비)
관천중학교,2025년 인공지능활용 수학 뮤지컬 관람 참가 차량임차용역 계약 체결,교육 프로그램·연수
대구제일중학교,2025학년도 인공지능톡톡 동아리 외부활동 차량 임차 용역,교육 프로그램·연수
청계북초등학교,2025학년도 청계북초등학교 AI 맞춤형 온라인 학습콘텐츠 용역 변경 계약,교육 프로그램·연수
부천부안초등학교,2025년 부천부안초등학교 AI 활용 진로교육 운영 용역 계약,교육 프로그램·연수
구암고등학교,2025학년도 창의융합AI코딩아카데미 운영비 지출(2차),교육 프로그램·연수
양정중학교,양정중학교 3학년 전환기교육(AI 중등진로),교육 프로그램·연수
민락초등학교,민락초 에듀테크 ai수업 용역 계약,교육 프로그램·연수
경기스마트고등학교,경기스마트고등학교 2025년 중소기업 특성화고인력양성사업 AI콘텐츠활용 미래역량강화 연수 용역 계약,교육 프로그램·연수
동두천중학교,2025 학생미래역량강화 지역사회연계 학년별D점프(AI교육),교육 프로그램·연수
김포고등학교,김포고 2025학년도 특색교육과정(AI스마트팜프로젝트) 운영 ,교육 프로그램·연수
통진고등학교,2025년도 통진고등학교 미래 AI교육 활동 ,교육 프로그램·연수
산내중학교,2025학년도 산내중학교 정보교육 인공지능 체험활동 ,교육 프로그램·연수
배방고등학교,2025학년도 충남형 인공지능 고등학교 IT 기업 견학 차량 임차,교육 프로그램·연수
대구남산고등학교,2025학년도 대구남산고등학교 AI체험전 부스 용역,교육 프로그램·연수
대정초등학교,대정초등학교 2025학년도 에듀테크 활용 원격화상영어 과정 운영 변경 계약,교육 프로그램·연수
서울인공지능고등학교,2025 서울인공지능고등학교 글로벌 현장학습 위탁 용역,교육 프로그램·연수
백암고등학교,백암고등학교 자율형 공립고 2.0 AI 리터러시 역량 강화 프로젝트 위탁 용역 계약,교육 프로그램·연수
동보초등학교,2025학년도 학생 미래역량 강화 AI교육 운영 계약,교육 프로그램·연수
서울우장초등학교,2025 디지털 기반 학생 맞춤교육 선도학교 교육활동을 위한 「우장 DT LAB: 학년별 AI 탐구 스테이션」운영 용역 요청,교육 프로그램·연수
신원중학교,2025학년도 2학기 AI 디지털 교육자료 구입 ,SW·플랫폼(제품명 미상)
신원중학교,2025학년도 2학기 AI 디지털 교육자료 구입,SW·플랫폼(제품명 미상)
용인신촌중학교,2025학년도 2학기 AI 디지털 교육자료 사용 서비스 계약,교육 프로그램·연수
잠원중학교,2025학년도 2학년 AI융합 진로체험 용역 계약,교육 프로그램·연수
조암중학교,2025학년도 3학년 진로학기 AI 디지털분야 진로체험 용역 계약,교육 프로그램·연수
토월초등학교,토월초등학교 AI디지털교육자료 사용 계약,교육 프로그램·연수
늘봄초등학교,2025학년도 AI디지털교육자료 구매 계약,SW·플랫폼(제품명 미상)
화담고등학교,(화담고) 수학과 AI 올림픽 운영 용역,교육 프로그램·연수
전북인공지능고등학교,2025 전북인공지능고등학교야구부 동계 해외전지훈련 위탁 용역,잡음
옥계동부초등학교,2026년 AI 디지털 교육자료 구입,SW·플랫폼(제품명 미상)
전남체육고등학교,교내 AI형 CCTV 구매(혁신제품),SW·플랫폼(제품명 미상)
평택고등학교,평택고등학교 K-인공지능 입시컨설팅 솔루션 구입 계약,SW·플랫폼(제품명 미상)
양산인공지능고등학교,"2026학년도 양산인공지능고등학교 교복(동복,하복) 학교주관구매 계약",잡음
무거초등학교,2026학년도 1학기 AI디지털교육자료 구입 계약,SW·플랫폼(제품명 미상)
대구서재초등학교,2026학년도 대구서재초등학교 AI 디지털 교육자료 구매 계약,SW·플랫폼(제품명 미상)
망포고등학교,2026학년도 인공지능기초 수업 재료 구입 계약 ,교육 프로그램·연수
서울송정초등학교,AI기반 동시통역서비스 계정 구입,SW·플랫폼(제품명 미상)
관양고등학교,학생행복도시고교학점제 에듀테크 활용 학생맞춤형 수업자료 제작,교육 프로그램·연수
서울수암초등학교,2026 AI 중점학교 운영 물품 구입(3~6학년용),교육 프로그램·연수
본원초등학교,에듀테크 교육을 위한 생성형  AI 구입,교육 프로그램·연수
청구중학교,청구중학교 2026학년도 AI 디지털 교육자료 계약(수학1),교육 프로그램·연수
청구중학교,청구중학교 2026학년도 AI 디지털 교육자료 계약(영어1),교육 프로그램·연수
청구중학교,청구중학교 2026학년도 AI 디지털 교육자료 계약(영어2),교육 프로그램·연수
청구중학교,청구중학교 2026학년도 AI 디지털 교육자료 계약(수학2),교육 프로그램·연수
서울양화초등학교,AI.디지털활용 선도학교 소모품(토너) 구입,기기(PC·태블릿·전자칠판 등)
우도중학교,2026학년도 우도중학교 인공지능 활용  스마트학습 지원,SW·플랫폼(제품명 미상)
신동초등학교,2026학년도 AI중점학교 운영 물품 구입,교육 프로그램·연수
은행중학교,은행중학교 타임리 GPT 크레딧,제품:타임리
관양고등학교,관양고 AI 교육확대 탐구활동을 위한 교재 제작,교육 프로그램·연수
민세초등학교,AI 디지털 선도학교 관련 물품 구입 계약,SW·플랫폼(제품명 미상)
무릉초등학교,무릉중 2026학년도 인공지능활용 스마트학습 수강권 구입,SW·플랫폼(제품명 미상)
도곡중학교,2026년 도곡중학교 영상감시장치 (AI 카메라)구입,기기(PC·태블릿·전자칠판 등)
별내초등학교,2026학년도 특수학급 미래형 에듀테크 물품 구입 및 운영 계약,교육 프로그램·연수
별내초등학교,2026 별내초등학교 미래형 에듀테크 물품 구매,교육 프로그램·연수
청연초등학교,4학년 AI 디지털 활용 교육 운영 물품 구매 계약,교육 프로그램·연수
용인한빛초등학교,용인한빛초등학교 건강증진학교 AI체형검사 물품 대여 계약,기기(PC·태블릿·전자칠판 등)
서울방이초등학교,2026학년도 방이초 코딩교육 운영 위탁 계약,교육 프로그램·연수
정읍서초등학교,2026학년도 정읍서초 코딩교육 용역 계약,교육 프로그램·연수
인천석천초등학교,2026학년도 석천 AI창의융합 과학축제 용역 계약 ,교육 프로그램·연수
서울구의초등학교,서울구의초 2026학년도 AI 중점학교 학생 디벗 협력수업 운영 용역 계약,교육 프로그램·연수
서울새솔초등학교,2026 서울새솔초등학교 AI 과학 축제의 날 행사,교육 프로그램·연수
오현초등학교,2026학년도 오현초 AI 과학의날 운영 ,교육 프로그램·연수
동명중학교,동명중학교 AI 중점학교 위탁 교육 계약,교육 프로그램·연수
안덕초등학교,제주형 자율학교(디지털학교) 연계 AI 체험 용역,교육 프로그램·연수
새론중학교,2026학년도 새론중학교 AI 디지털 교육자료 사용 계약,교육 프로그램·연수
동안초등학교,2026학년도 동안초등학교 인공지능데이터축제 체험활동 운영 용역 계약,교육 프로그램·연수
인천경연중학교,2026학년도 인천경연초등학교 AI디지털 활용 선도학교 및 디지털 튜터 운영 용역 계약,교육 프로그램·연수
주암초등학교,주암초 AI맞춤형 온라인 학습콘텐츠 이용 계약,SW·플랫폼(제품명 미상)
서울인공지능고등학교,2026학년도 서울인공지능고등학교 직업계고 실험실습생 및 교사 건강관리 작업환경 측정,잡음
대구학정초등학교,2026학년도 AI 중점학교 디지털 탐험 프로젝트 운영 용역 계약,교육 프로그램·연수
문곡고등학교,2026학년도 1학년 AI·디지털 전환에 따른 중소기업이해연수 용역업체 계약 ,교육 프로그램·연수
청북고등학교,2026학년도 에듀테크(링크원) 서비스 이용 계약,제품:링크원
서울등양초등학교,2026년 서울등양초등학교 AI기반 동시통역 서비스 용역 계약,교육 프로그램·연수
새금초등학교,새금초 2026학년도 AI 미래 체험(과학) 폐스티벌 운영 용역 계약,교육 프로그램·연수
동보초등학교,2026 동보초 학생 미래역량 강화 AI교육,교육 프로그램·연수
서울선사초등학교,AI 중점학교 레고 스파이크 모듈형 코딩교육,로봇·교구·키트
인천석천초등학교,2026학년도 석천 AI창의융합 과학축제 용역 변경 계약 ,교육 프로그램·연수
율정중학교,2026학년도 AI·디지털 활용 선도학교 체험활동 차량임차·운행 용역,교육 프로그램·연수
재능고등학교,2026학년도 재능고등학교 미래유망분야 고졸인력양성사업 AI핼스케어과 위탁교육 운영 계약,교육 프로그램·연수
서울개원초등학교,개원초  AI중점학교(정보 코딩) 협력 강사 운영 용역 계약,교육 프로그램·연수
전북인공지능고등학교,전북인공지능고등학교 학교공간조성사업 촉진자 수행용역,인프라(교실·설비)
감곡초등학교,2026. AI 디지털 기반 과학의 달 행사 운영 용역,교육 프로그램·연수
대전법동중학교,2026학년도 대전법동중학교 AI-DAY 부스 운영 계약,교육 프로그램·연수
매봉초등학교,2026학년도 유·초등 AI 창의데이(과학의 날) 운영 용역 계약,교육 프로그램·연수
갑룡초등학교,2026학년도 AI디지털교육실 XR쇼룸 유지보수계약,VR/XR 장비
서울삼선초등학교,2026학년도 삼선초등학교  AI교육 용역 계약,교육 프로그램·연수
양지초등학교,양지초 교직원 IB 및 AI 디지털 교육 선진지 탐방 차량 용역 계약,교육 프로그램·연수
원미고등학교,2026학년도 원미고 AI디지털 헬스케어 교육 용역,기기(PC·태블릿·전자칠판 등)
대구동일초등학교,수성구청 교육경비보조금 코딩수업 위탁 용역,로봇·교구·키트
덕일전자공업고등학교,덕일전자공업고등학교 AI 기반 동시통역 서비스 이용 용역 계약 건,교육 프로그램·연수
추자중학교,2026학년도 추자중학교 인공지능활용 스마트학습을 위한 온라인컨텐츠 이용,SW·플랫폼(제품명 미상)
광평중학교,2026학년도 자유학기제 진로탐색활동[예술에서 AI기술까지]운영,교육 프로그램·연수
성포초등학교,2026학년도 성포초등학교 학교자율과제 AI 체험교육 운영 계약,교육 프로그램·연수
광운인공지능고등학교,광운인공지능고등학교 2026학년도 제50회 문화체육관광부장관기 전국고등학교 대회 위탁 용역,잡음
새솔초등학교,2026년 새솔초등학교 디지털 AI 나눔 페스티벌 운영 용역 계약,교육 프로그램·연수
상도초등학교,2026학년도 상도초 AI진로페스티벌 용역 계약,교육 프로그램·연수
한천초등학교,2026학년도 AI 맞춤형 온라인 학습 콘텐츠 사용 계약,SW·플랫폼(제품명 미상)
포담초등학교,2026학년도 디지털AI 과학의날 축제 용역 계약,교육 프로그램·연수
서울당서초등학교,서울당서초등학교 2026학년도 AI 코딩 교육 용역,교육 프로그램·연수
인천경명초등학교,2026학년도 인천경명초등학교 읽걷쓰AI 과학정보융합축제 운영 용역 계약,교육 프로그램·연수
태안초등학교,2026학년도 AI특화 공간요소 도출 및 교수학습모형개발 용역 계약,교육 프로그램·연수
서울등촌초등학교,2026학년도 AI 정보교육 ,교육 프로그램·연수
전북인공지능고등학교,전북인공지능고 체육관 전면보수공사 구조검토 용역,인프라(교실·설비)
갑룡초등학교,AI디지털교육실 XR쇼룸 실감형 교육 콘텐츠 제작,VR/XR 장비
인천연송고등학교,2026학년도 1학년 AI진로체험활동 차량 임차,교육 프로그램·연수
안동여자고등학교,안동여고 교과연계 자기주도학습 및 AI진로탐색 융합교육 ,교육 프로그램·연수
매원고등학교,2026학년도 AI융합교육부 컬러 복합기 임대 용역 계약,기기(PC·태블릿·전자칠판 등)
안산디자인문화고등학교,직업교육 혁신지구 사업 2026학년도 AI기반 역량강화 외부 특강 용역 계약 건,교육 프로그램·연수
서산중앙고등학교,AI중점학교 LG Discovery Lab 탐방 차량 임차,교육 프로그램·연수
신흥초등학교,신흥초 2026 AI디지털 활용 교육 운영 계약,교육 프로그램·연수
심원초등학교,2026년 심원초등학교 AI과학 진로 체험활동 용역계약,교육 프로그램·연수
마북초등학교,2026학년도 찾아오는 AI부스체험 용역 계약,교육 프로그램·연수
덕소중학교,덕소중학교 1학년 다재다능한 AI체험,교육 프로그램·연수
광평중학교,2026학년도 자유학기제 진로탐색활동[예술에서 AI기술까지]운영,교육 프로그램·연수
발산중학교,발산중-2026창의영재동아리 인공지능교육 계약,교육 프로그램·연수
청암초등학교,2026 AI 디지털 활용 선도학교 교육과정 운영비 계약,교육 프로그램·연수
서울남산초등학교,남산초 AI리터러시교육 강사비 및 운영비 계약,교육 프로그램·연수
대전삼천초등학교,2026학년 AI중점학교 연계 놀이체험한마당 용역 계약,교육 프로그램·연수
논산여자상업고등학교,논산여상고 2026학년도 AI 역량강화를 위한 취업희망자 특강교육 위탁,교육 프로그램·연수
인천경연중학교,2026학년도 인천경연초등학교 AI디지털 활용 선도학교 및 디지털 튜터 운영 용역 계약,교육 프로그램·연수
서울송천초등학교,2026학년도 AI레고교육 용역,로봇·교구·키트
다운중학교,2026학년도 AI디지털 교육,교육 프로그램·연수
원광보건고등학교,[AI역량강화사업9-2] 직업계고 직업교육 박람회 차량비,교육 프로그램·연수
푸른초등학교,2026학년도 푸른초등학교 코딩 교육 실시,교육 프로그램·연수
대화초등학교,대화 AI-디지털 페스티벌,교육 프로그램·연수
용마중학교,용마중 제2방정환교육지원센터 방정환 AI 과학 동아리 ,로봇·교구·키트
보정고등학교,인공지능 프로그래밍 특강 용역 계약,로봇·교구·키트
서울원묵초등학교,AI 윤리 및 기초소양 교육 위탁계약,교육 프로그램·연수
인천학익초등학교,2026학년도 AI디지털 선도학교 운영 교수학습자료 구입 및 외부강사 운영비,SW·플랫폼(제품명 미상)
사우초등학교,2026학년도 사우초 AI중점학교 디지털체험부스 운영 용역 계약,교육 프로그램·연수
광양고등학교,2026년 EBS AI 멘토링 스쿨 용역 계약,인프라(교실·설비)
청완초등학교,AI중점학교 AI교실 조성공사 설게용역 실시,인프라(교실·설비)
여주중학교,여주중 찾아가는 AI 방탈출버스 융합체험 운영 계약,교육 프로그램·연수
안산국제비즈니스고등학교,[재구조화]2026 안산국제비즈니스고 학과재구조화 교직원 워크숍 및 AI융합교육 수업나눔연수비 지출,교육 프로그램·연수
안산서초등학교,2026학년도 안산서초 AI 과학체험 한마당 부스체험활동 운영 계약,교육 프로그램·연수
광운인공지능고등학교,"광운인공지능고등학교 2026학년도 인공지능전기과 2,3학년 도제역량강화 연수 용역 계약",교육 프로그램·연수
세정초등학교,세정초등학교 AI기반 불균형체형 검사 용역,기기(PC·태블릿·전자칠판 등)
추자중학교,2026 추자중학교 인공지능활용 스마트학습을 위한 온라인컨텐츠 이용,SW·플랫폼(제품명 미상)
안산디자인문화고등학교,"[직업교육 혁신지구 사업] 2026학년도 AI기반 역량 강화 외부특강(1,2학년) 용역 계약 건",교육 프로그램·연수
갈곡초등학교,"갈곡초 1,2학년 AI창의데이 체험 용역 계약",교육 프로그램·연수
성안초등학교,2026학년도 6월 5학년 진로체험활동(AI 진로부스체험) 용역 계약,교육 프로그램·연수
광양제철고등학교,2026학년도 광양제철고 EBS AI멘토링,인프라(교실·설비)
중마고등학교,2026. AI기반 온라인 맞춤형 멘토링 스쿨 용역,인프라(교실·설비)
광양여자고등학교,2026학년도 광양여자고등학교 AI 기반 온라인 맞춤형 멘토링 스쿨 운영,인프라(교실·설비)
군남초등학교,AI중점학교 교직원 역량 강화 워크숍,교육 프로그램·연수
군남중학교,AI중점학교 교직원 역량 강화 워크숍,교육 프로그램·연수
서울한강초등학교,2026년 AI 디지털 활용 선도학교 연수비,교육 프로그램·연수
광영고등학교,2026. 광영고 AI기반 온라인 맞춤형 멘토링 스쿨 운영 용역,인프라(교실·설비)
중일초등학교,2026학년도 5학년 프로젝트(AI창의융합교육)수업 운영 용역 계약,교육 프로그램·연수
광양백운고등학교,2026년 AI 기반 온라인 맞춤형 멘토링 스쿨 운영 용역,인프라(교실·설비)
갑룡초등학교,AI디지털교육실 XR쇼룸 실감형 교육 콘텐츠 제작,VR/XR 장비
성연초등학교,2026학년도 1학기 성연초 인공지능 교육주간 체험 행사 용역 계약,교육 프로그램·연수
정평초등학교,정평초 6학년 AI 코딩교육 운영 용역,교육 프로그램·연수
남양주송촌초등학교,문화예술체험 마술공연(AI매직콘서트),교육 프로그램·연수
서울새솔초등학교,2026학년도 학교 특색활동 연계 AI 활용 스마트코딩 교육 용역계약,교육 프로그램·연수
논산여자상업고등학교,논산여상고 AI 맞춤형 인재 양성을 위한 굿JOB NCS 특강 위탁,교육 프로그램·연수
상미초등학교,"“2026학년도 AI디지털활용 역량강화 연수 차량임차 및 운행 용역"" 계약",교육 프로그램·연수
서울용곡초등학교,2026학년도 용곡초 전학년 코딩교육 위탁,교육 프로그램·연수
서울동원초등학교,2026 AI 코딩교육 용역 계약,교육 프로그램·연수
세경고등학교,[인공지능반도체과]2026년 경기 미래산업 하이테크 특성화고 사업 교육 용역,교육 프로그램·연수
배방초등학교,2026  배방초등학교 무인경비 및 근태관리 용역 변경 계약(AI교육센터개관),교육 프로그램·연수
채운초등학교,2026학년도 채운초등학교 AI와 함께하는 문화예술 진로체험의 날 차량 임차용역 계약,교육 프로그램·연수
인천석정초등학교,2026학년도석정 AI. 디지털 페스티벌 용역 계약,교육 프로그램·연수
덕화중학교,"2026학년도 3개 연합동아리(책으로 꿈 짓는 세상, AI 수학융합, 창의톡톡 융합 탐구) 경북대학교 이공계 탐방 용역 계약",교육 프로그램·연수
충렬여자고등학교,충렬여자고등학교 AI 및 디지털 활용 선도학교 운영을 위한 에듀테크 구입,교육 프로그램·연수
매원초등학교,"2026학년도 매원초 1,2학년 찾아오는 AI과학체험의 날 체험부스 운영 계약",교육 프로그램·연수
불곡고등학교,불곡고 AI교과융합수업(SLAT-A) 용역,교육 프로그램·연수
수명중학교,수명중 AI 디지털 활용 선도학교 교사용 AI 에듀테크 계약,SW·플랫폼(제품명 미상)
신길초등학교,2026학년도 신길초 AI과학교육주관 부스운영 용역계약,교육 프로그램·연수
재능고등학교,2026학년도 고교 일학습병행 학습근로자 도메인 AI특강 참여 차량 임차 용역 계약,교육 프로그램·연수
상품초등학교,2026학년도 상품초 에듀테크 체험용역 계약,교육 프로그램·연수
서울인공지능고등학교,2026학년도 서울인공지능고등학교 운동장 조성공사 부지 매장유산 표본조사 용역,인프라(교실·설비)
세경고등학교,[인공지능반도체과]2026년 경기 미래산업 하이테크 특성화고 사업 교육 용역,교육 프로그램·연수
서울세명초등학교,2026학년도 서울세명초등학교 AI 창의융합교육 연간용역 ,교육 프로그램·연수
황룡초등학교,2026년 황룡초 에듀테크 활용 정보교육 용역 계약,교육 프로그램·연수
서울잠현초등학교,2026년 AI.디지털 체험교육 계약 (잠현초),교육 프로그램·연수
오학초등학교,오학초등학교 2학년 창의코딩교실 활동 용역 계약,교육 프로그램·연수
정산중학교, 2026학년도 미래교육을 위한 창의∙인성 융합 인공지능 진로체험활동 차량 임차 용역,교육 프로그램·연수
곤지암초등학교,2026학년도 곤지암초등학교 AI 중점학교 교육운영 계약,교육 프로그램·연수
경기국제통상고등학교,2026학년도 교직원 AI역량강화 연수 차량임차,교육 프로그램·연수
고암초등학교,2026학년도 고암초 1학기  AI 행사 운영 용역 계약 ,교육 프로그램·연수
대전여자상업고등학교,2026학년도 고졸자후속관리지원모델개발_AI 모의 면접,AI 면접시스템
고산하늘초등학교,AI 중점학교 디지털교육 용역,교육 프로그램·연수
토평중학교,토평중학교 AI 디지털 선도학교 교사연수 차량운행 용역 계약,교육 프로그램·연수
서운초등학교,2026학년도 글로컬 미래꿈터 프로젝트 AI교육 물품 구입,교육 프로그램·연수
대성여자상업고등학교,대성여상 특성화고 AI역량강화사업 현수막 등 제작,교육 프로그램·연수
다빛초등학교,지능형 과학실 및 AI중점학교 비품 구입,SW·플랫폼(제품명 미상)
안양여자고등학교,Google Ai Pro for Education 구입,제품:Google AI Pro
인천이음고등학교,인천이음고등학교 AI 융합형 교육실 물품 제조 및 구매 계약,교육 프로그램·연수
무거초등학교,2026학년도 2학기 AI디지털교육자료 구입 계약,SW·플랫폼(제품명 미상)
평내중학교,평내중학교 에듀테크 수업관리 솔루션(유클래스)구입,제품:유클래스
수청초등학교,2026학년도 수청초 학교로 찾아오는 AI 수업 체험 용역,교육 프로그램·연수
대전여자상업고등학교,2026학년도 고졸자후속관리지원모델개발_AI 모의 면접,AI 면접시스템
동성중학교,동성중학교 2026년 1학년 자유학년제 2차 진로탐색활동(AI스마트진로) 운영,교육 프로그램·연수
서울신성초등학교,2026학년도 서울신성초등학교 AI기반 4차산업 미래교육 위탁 용역,교육 프로그램·연수
고촌고등학교,2026학년도 고촌고등학교 AI 융합 프로젝트 계약,교육 프로그램·연수
군남중학교,2026학년도 AI중점학교 체험데이 AI건축 계약,교육 프로그램·연수
군남중학교,2026학년도 AI중점학교 체험데이 로보해커톤 계약,로봇·교구·키트
충의중학교,2026학년도 충의중 1학년 진로체험(AI시대 디지털 세상에서의 진로탐색) 용역 계약,교육 프로그램·연수
나래중학교,2026학년도 나래중학교 2학년 인공지능 진로체험 용역 계약,교육 프로그램·연수
서울세명초등학교,2026학년도 서울세명초등학교 AI 창의융합교육 연간용역 ,교육 프로그램·연수
대호중학교,AI·디지털 기반 교육혁신 역량 강화 교직원 워크숍 운영,교육 프로그램·연수
금곡중학교,진로 공연(마술로 체험하는 AI와 첨단기술) 용역 계약,교육 프로그램·연수
대동고등학교,대동고등학교 AI 중점학교 운영을 위한 전문가 초청 행사 용역,교육 프로그램·연수
매원고등학교,2026학년도 매원고  AI 활용 실험교실 용역 계약,로봇·교구·키트
평촌과학기술고등학교,2026학년도 평촌과학기술고 AI 기초교육 학생 특강 위탁 용역,교육 프로그램·연수
강진고등학교,2026학년도 제1차 강진고등학교 EBS AI 멘토링 스쿨 운영 용역 계약  ,제품:EBS
조치원중학교,2026학년도 AI 디지털 교육 워크숍 운영 용역,교육 프로그램·연수
용인둔전초등학교,2026학년도 AI중점학교 찾아오는 AI체험교육 운영 용역 계약,교육 프로그램·연수
김포제일고등학교,유네스코학교 교육의 미래 프로젝트 AI 진로 외부 활동 견학 차량 임차 용역,교육 프로그램·연수
단원중학교,2026년 단원중학교 AI 미래문제해결 프로젝트 운영 용역 계약,교육 프로그램·연수
성남고등학교,협약대학 연계 미래 모빌리티 AI진로체험 임차 계약,교육 프로그램·연수
서울문정초등학교,6학년 흡연예방교육 (AI활용 그림책 만들기) 용역 위탁 계약,교육 프로그램·연수
광운인공지능고등학교,"광운인공지능고등학교 2026년도 광운제 음향,조명,악기 렌탈 용역",잡음
김포호수초등학교,2026학년도 김포호수초 6학년 코딩수업운영 용역계약,교육 프로그램·연수
토평중학교,토평중학교 AI 디지털 선도학교 교사연수 차량운행 용역 계약,교육 프로그램·연수
김포고등학교,김포고 AI 주제탐구 프로젝트 용역 계약,교육 프로그램·연수
화봉고등학교,2026년 AI 및 ICT 융합 메이커톤 계약,교육 프로그램·연수
선주중학교,2026학년도 AI중점학교 디지털 시민 교육 용역,교육 프로그램·연수
서천고등학교,2026학년도 AI 디지털활용교육 에이전트 실습 수업 업체 용역 계약,교육 프로그램·연수
조치원중학교,2026학년도 AI 디지털 교육 워크숍 운영 용역,교육 프로그램·연수
광운인공지능고등학교,2026학년도 광운인공지능고등학교 대통령금배 축구대회,잡음
광남중학교,광남중 AI리더 워크숍 운영 위탁 용역 계약 ,교육 프로그램·연수
조치원중학교,2026학년도 AI 디지털 교육 워크숍 운영 용역,교육 프로그램·연수
군남초등학교,AID교육센터 홍보 웹사이트 개발 ,교육 프로그램·연수
대평초등학교,2026학년도 대평초등학교 행복 톡톡 대평 AI 페스티벌 운영,교육 프로그램·연수
거창승강기고등학교,2026. 거창승강기고등학교 AI 미래역량강화 AI 기반 영상 콘텐츠 제작,SW·플랫폼(제품명 미상)
대구동일초등학교,수성구청 교육경비보조금 코딩수업 위탁 용역,교육 프로그램·연수
금산고등학교,AI&STEAM  동아리 진로 탐색 활동 버스 용역 계약,교육 프로그램·연수
인천학익초등학교,2026학년도 AI디지털 선도학교 운영 교수학습자료 구입 및 외부강사 운영비,SW·플랫폼(제품명 미상)
이리남초등학교,2026학년도 이리남초 AI 기반 미래형 승마체험 차량 임차용역,교육 프로그램·연수
동일미래과학고등학교,[중기부] AI 신기술 교직원 역량 강화 하계 워크숍  운송 용역 ,교육 프로그램·연수
심석고등학교,심석고 AI 매직콘서트 용역계약,교육 프로그램·연수
정천초등학교,2026학년도 정천초 인공지능 체험교육 계약,교육 프로그램·연수
서현고등학교,서현고 AI+X 프로젝트 운영,교육 프로그램·연수
대현중학교,대현중학교 2026학년도 AI디지털 활용 선도학교 운영 워크숍 차량 임차,교육 프로그램·연수
화천정보산업고등학교,2026년 화천정보산업고등학교 교직원 AI 하계 연수 용역,교육 프로그램·연수
장당중학교,2026학년도 정보과학부 진로연계 AI 정보 축제 운영,교육 프로그램·연수
안산국제비즈니스고등학교,[재구조화] 2026학년도 AI게임콘텐츠과 신설 및 학과재구조화 안착을 위한 교직원 워크숍,SW·플랫폼(제품명 미상)
신길초등학교,2026학년도 신길초 AI과학교육주관 부스운영 용역계약,교육 프로그램·연수
